vendor_name	invoice_pattern	charge_type	sample_count	priority
ANYTIME WASTE SYSTEMS	HAUL FEES TRASH	Empty & Return	144	1
ANYTIME WASTE SYSTEMS	SWITCH OUT YD ROLL OFF	Empty & Return	9	1
ANYTIME WASTE SYSTEMS	G TOTER-RECYCLE	Monthly Service Commercial	8	1
ANYTIME WASTE SYSTEMS	FUEL SURCHARGES:	Monthly Service Commercial	5	1
ANYTIME WASTE SYSTEMS	DELIVERY YD ROLL OFF	Delivery Industrial	4	1
ANYTIME WASTE SYSTEMS	YD RECEIVER BOX RENT	Receiver Container Rental	2	1
ANYTIME WASTE SYSTEMS	FUEL SURCHARGE	Fuel Surcharge Industrial	2	1
ANYTIME WASTE SYSTEMS	YD OT MONTHLY RENT	Monthly Rental Industrial	1	1
ANYTIME WASTE SYSTEMS	COMPACTOR HAUL	Empty & Return	1	1
ANYTIME WASTE SYSTEMS	CONTAINER DELIVERED	Monthly Service Commercial	1	1
Boren Brothers LLC	FL-COMM-RECYCLING-YD	Delivery Industrial	9	1
Boren Brothers LLC	FL-COMM-TRASH-YD	Delivery Industrial	6	1
Boren Brothers LLC	RO SERVICE FEE - TRIP CHARGE	Delivery	6	1
Boren Brothers LLC	GALLON TOTER - MUNICAPL SOLID WASTE	Monthly Service Commercial	3	1
Boren Brothers LLC	RO-SERVICE FEE - TRIP CHARGE	Delivery	3	1
Boren Brothers LLC	SALES TAX	Tax Industrial	3	1
Boren Brothers LLC	FUEL SURCHARGE - FRONT LOAD	Fuel Surcharge Commercial	2	1
Boren Brothers LLC	FUEL SURCHARGE - ROLL OFF	Fuel Surcharge Industrial	2	1
Boren Brothers LLC	EXTRA YD FRONT LOAD TRASH - WO:	Removal Commercial	1	1
CASELLA WASTE SYSTEMS	YD OT D & R C&D	Monthly Rental Industrial	8	1
CASELLA WASTE SYSTEMS	WASTEOLOGY ADV NO	FUEL SURCHARGE	6	1
CASELLA WASTE SYSTEMS	OC	FUEL SURCHARGE	5	1
CASELLA WASTE SYSTEMS	OC	FUEL SURCHARGE	5	1
CASELLA WASTE SYSTEMS	METAL TONNAGE	FUEL SURCHARGE	5	1
CASELLA WASTE SYSTEMS	OC	FUEL SURCHARGE	5	1
CASELLA WASTE SYSTEMS	C	FUEL SURCHARGE	4	1
CASELLA WASTE SYSTEMS	CREDIT PRORATION	Fuel Surcharge Industrial	4	1
CASELLA WASTE SYSTEMS	DISPOSAL TEMP METAL	Fuel Surcharge Industrial	4	1
CASELLA WASTE SYSTEMS	EMPTY ON REMOVAL	Fuel Surcharge Industrial	4	1
CASELLA WASTE SYSTEMS	OC	FUEL SURCHARGE	4	1
CASELLA WASTE SYSTEMS	OC	FUEL SURCHARGE	4	1
CASELLA WASTE SYSTEMS	OC	FUEL SURCHARGE	4	1
CASELLA WASTE SYSTEMS	RECYCLE PROCESSING ADJ	Local Surcharges/Fees Commercial	4	1
CASELLA WASTE SYSTEMS	TOTAL SALES TAX:	Tax Industrial	4	1
CASELLA WASTE SYSTEMS	OC	FUEL SURCHARGE	3	1
CASELLA WASTE SYSTEMS	OC	FUEL SURCHARGE	3	1
CASELLA WASTE SYSTEMS	OC	FUEL SURCHARGE	3	1
CASELLA WASTE SYSTEMS	OC	Monthly Service Commercial	3	1
CASELLA WASTE SYSTEMS	YD FL WEEKLY TRASH	Monthly Service Commercial	3	1
CASELLA WASTE SYSTEMS	YD FL WEEKLY TRASH # P/U:	Monthly Service Commercial	3	1
CASELLA WASTE SYSTEMS	CANCEL W/ CHARGE	FUEL SURCHARGE	3	1
CASELLA WASTE SYSTEMS	OC	FUEL SURCHARGE	3	1
CASELLA WASTE SYSTEMS	OC	Environmental Surcharge Commercial	3	1
CASELLA WASTE SYSTEMS	OC	Monthly Service Commercial	3	1
CASELLA WASTE SYSTEMS	OC	Monthly Service Commercial	3	1
CASELLA WASTE SYSTEMS	OC	Monthly Service Commercial	3	1
CASELLA WASTE SYSTEMS	OC	Monthly Service Commercial	3	1
CASELLA WASTE SYSTEMS	OC	Monthly Service Commercial	3	1
CASELLA WASTE SYSTEMS	PO# OC	FUEL SURCHARGE	3	1
CASELLA WASTE SYSTEMS	RESOURCE SOLUTIONS ENERGY&ENVIRONMENTAL	Environmental Surcharge Industrial	3	1
CASELLA WASTE SYSTEMS	YD OT D & R - C&D	Monthly Rental Industrial	2	1
CASELLA WASTE SYSTEMS	YD FL EXTRA P/U - TRASH	Local Surcharges/Fees Commercial	2	1
CASELLA WASTE SYSTEMS	YD FL WEEKLY OCC\N# P/U:	Monthly Service Commercial	2	1
CASELLA WASTE SYSTEMS	GL CART X MTH ZSORT	Disposal Charge	2	1
CASELLA WASTE SYSTEMS	OC	Environmental Surcharge Commercial	2	1
CASELLA WASTE SYSTEMS	OC	Environmental Surcharge Commercial	2	1
CASELLA WASTE SYSTEMS	OC	FUEL SURCHARGE	2	1
CASELLA WASTE SYSTEMS	OC	FUEL SURCHARGE	2	1
CASELLA WASTE SYSTEMS	OC	Vendor Cost Increase - Industrial	2	1
CASELLA WASTE SYSTEMS	OC	Fuel Surcharge Industrial	2	1
CASELLA WASTE SYSTEMS	OC	Fuel Surcharge Industrial	2	1
CASELLA WASTE SYSTEMS	RS ENERGY & ENVIRONMENTAL FEE	Environmental Surcharge Commercial	2	1
CASELLA WASTE SYSTEMS	OC	FUEL SURCHARGE	1	1
CASELLA WASTE SYSTEMS	YD OT D & R\NC&D	Monthly Rental Industrial	1	1
CASELLA WASTE SYSTEMS	YD OTD & R - C&D	Monthly Rental Industrial	1	1
CASELLA WASTE SYSTEMS	YD OTD & R C&D	Monthly Rental Industrial	1	1
CASELLA WASTE SYSTEMS	YD TEMP USAGE FEE-MSW	Local Surcharges/Fees Industrial	1	1
CASELLA WASTE SYSTEMS	YD S/C CMP D & R - MSW	Empty & Return	1	1
CASELLA WASTE SYSTEMS	YD SPLIT COMP MSW & REC	Empty & Return	1	1
CASELLA WASTE SYSTEMS	YD S/C CMP D & R MS # P/U:	Monthly Rental Industrial	1	1
CASELLA WASTE SYSTEMS	YD FL EOW TRASH	Monthly Service Commercial	1	1
CASELLA WASTE SYSTEMS	YD FL EXTRA P/U - TRASH	Vendor Cost Increase - Commercial	1	1
CASELLA WASTE SYSTEMS	ENERGY & ENVIRONMENTAL FEE:	Environmental Surcharge Industrial	1	1
CASELLA WASTE SYSTEMS	ENERGY&ENVIRONMENTAL FEE:	Environmental Surcharge Industrial	1	1
CASELLA WASTE SYSTEMS	FEE:	Environmental Surcharge Industrial	1	1
CASELLA WASTE SYSTEMS	OC	Environmental Surcharge Commercial	1	1
CASELLA WASTE SYSTEMS	OC	Environmental Surcharge Commercial	1	1
CASELLA WASTE SYSTEMS	OC	Environmental Surcharge Commercial	1	1
CASELLA WASTE SYSTEMS	OC	Tax Industrial	1	1
CASELLA WASTE SYSTEMS	OC	Environmental Surcharge Commercial	1	1
CASELLA WASTE SYSTEMS	OC	Fuel Surcharge Industrial	1	1
CASELLA WASTE SYSTEMS	OC	Environmental Surcharge Commercial	1	1
CASELLA WASTE SYSTEMS	OC	Environmental Surcharge Industrial	1	1
CASELLA WASTE SYSTEMS	OC	FUEL SURCHARGE	1	1
CASELLA WASTE SYSTEMS	OC	FUEL SURCHARGE	1	1
CASELLA WASTE SYSTEMS	OC	Local Surcharges/Fees Industrial	1	1
CASELLA WASTE SYSTEMS	OC	Local Surcharges/Fees Commercial	1	1
CASELLA WASTE SYSTEMS	OC	Vendor Cost Increase - Commercial	1	1
CASELLA WASTE SYSTEMS	OC	Local Surcharges/Fees Commercial	1	1
CASELLA WASTE SYSTEMS	OC	Environmental Surcharge Commercial	1	1
CASELLA WASTE SYSTEMS	OC	Environmental Surcharge Industrial	1	1
CASELLA WASTE SYSTEMS	OC	Vendor Cost Increase - Industrial	1	1
CASELLA WASTE SYSTEMS	RESOURCE SOLUTIONS ENERGY & ENVIRONMENTA	Tax Industrial	1	1
CASELLA WASTE SYSTEMS	RESOURCE SOLUTIONS ENERGY & ENVIRONMENTA	Tax Commercial	1	1
CASELLA WASTE SYSTEMS	RESOURCE SOLUTIONS ENERGY&ENVIRONMENTAL	Environmental Surcharge Industrial	1	1
CASELLA WASTE SYSTEMS	SOLUTIONS ENERGY&ENVIRONMENTAL FEE:	Local Surcharges/Fees Commercial	1	1
CASELLA WASTE SYSTEMS	UNLOADING BULBS AND DISPOSING	FUEL SURCHARGE	1	1
Flood Brothers	YD TRASH SERVICE	Monthly Service Commercial	1	1
Flood Brothers	YD RECYCLING SERVICE	Monthly Service Commercial	1	1
Flood Brothers	YD TRASH SERVICE	Monthly Service Commercial	1	1
Fusion Waste	FUEL SURCHARGE - ROLL OFF -	Fuel Surcharge Industrial	84	1
Fusion Waste	FUEL SURCHARGE - ROLL OFF	Fuel Surcharge Industrial	35	1
Fusion Waste	SALES TAX	Tax Industrial	21	1
Fusion Waste	FRANCHISE FEE - IRVING	Franchise Fee Industrial	7	1
Fusion Waste	FUEL SURCHARGE - FRONT LOAD	Fuel Surcharge Commercial	6	1
Fusion Waste	HAUL CHARGE - YD ROLL OFF - WO:	Empty & Return	6	1
Fusion Waste	RENT CHARGE - DAILY	Daily Rental Industrial	6	1
Fusion Waste	YD FRONT LOAD TRASH	Monthly Service Commercial	3	1
Fusion Waste	ADMINISTRATIVE FEES	Local Surcharges/Fees Industrial	3	1
Fusion Waste	FRANCHISE FEE - DALLAS	Local Surcharges/Fees Industrial	3	1
Fusion Waste	FRANCHISE FEE - FORT WORTH	Franchise Fee Industrial	3	1
Fusion Waste	FRANCHISE FEE - CARROLLTON	Local Surcharges/Fees Industrial	2	1
Fusion Waste	FRANCHISE FEE - DALLAS\NSALES TAX	Franchise Fee Industrial	2	1
Fusion Waste	HAUL CHARGE - YD ROLL OFF - WO:\N	Empty & Return	2	1
Fusion Waste	HAUL CHARGE - YD ROLL OFF-WO:	Empty & Return	2	1
Fusion Waste	FUEL SURCHARGE - ROLL OFF - PO: OCRFN	Fuel Surcharge Industrial	1	1
Fusion Waste	HAUL CHARGE - YD ROLL OFF - WO:	Empty & Return	1	1
Fusion Waste	LOCK BAR MONTHLY FEE	Lock Bar	1	1
GFL	RO ROUNDTRIP	Empty & Return	97	1
GFL	SITE TAX TOTAL	FUEL SURCHARGE	49	1
GFL	SITE SURCHARGE TOTAL	Vendor Cost Increase - Industrial	31	1
GFL	EQUIPMENT USE FEE MONTHLY\N//-//	Trip Charge	30	1
GFL	EQUIPMENT USE FEE MONTHLY\N//-//	Trip Charge	24	1
GFL	EQUIPMENT USE FEE MONTHLY\N//-//	Trip Charge	24	1
GFL	FUEL SURCHARGE	Fuel Surcharge Commercial	24	1
GFL	EQUIPMENT USE FEE MONTHLY\N//-//	Trip Charge	20	1
GFL	RO TRIP FEE	Monthly Rental Industrial	18	1
GFL	EQUIPMENT USE FEE MONTHLY	Trip Charge	6	1
GFL	PAL-FLC-RECYCLING // DELIVERY	Delivery Commercial	6	1
GFL	PAL-FLC-TRASH // DELIVERY	Delivery Commercial	6	1
GFL	SUB TOTAL TAXES OIL/ENVIRONMENTAL & FEES	Fuel Surcharge Industrial	6	1
GFL	ENVIRONMENTAL SURCHARGE	Environmental Surcharge Industrial	5	1
GFL	OC	Empty & Return	5	1
GFL	OC	Empty & Return	5	1
GFL	OC	Empty & Return	5	1
GFL	OC	Empty & Return	5	1
GFL	EQUIPMENT USE FEE//-//	Trip Charge	4	1
GFL	FUEL SURCHARGE\NSITE TOTAL	Fuel Surcharge Commercial	4	1
GFL	TRIP OC	Empty & Return	4	1
GFL	AB SURCHARGE DEC	Delivery Commercial	3	1
GFL	AB SURCHARGE NOV	Delivery Commercial	3	1
GFL	AB SURCHARGE OCT	Delivery Commercial	3	1
GFL	MONTHLY CONTAINER RENTAL FEE INCLUDES RE	Delivery Commercial	3	1
GFL	MONTHLY CONTAINER RENTAL FEE INCLUDES RE	Delivery Commercial	3	1
GFL	TEXAS STATE TAX AT %	Tax Commercial	3	1
GFL	CY FRONT LOAD OCC CONTAINER\NRENTAL	Monthly Rental Commercial	2	1
GFL	RTS FLAT HAUL & DISPOSAL CHARGE\NWO#	Local Surcharges/Fees Industrial	2	1
GFL	COMM	Monthly Rental Industrial	2	1
GFL	COMM OVERAGE W#	Monthly Rental Industrial	2	1
GFL	COMM OVERAGE WO#	Monthly Rental Industrial	2	1
GFL	COMM OVERAGE WO#	Monthly Rental Industrial	2	1
GFL	COMM OVERAGE WO#	Monthly Rental Industrial	2	1
GFL	DISPOSAL AND RELATED FEES\NWO#	Disposal Charge	2	1
GFL	DISPOSAL AND RELATED FEES\NWO#	Local Surcharges/Fees Industrial	2	1
GFL	DISPOSAL AND RELATED FEES\NWO# OC	FUEL SURCHARGE	2	1
GFL	DISPOSAL RO CONCRETE WO#	Fuel Surcharge Industrial	2	1
GFL	FLAT FEE DISPOSAL	Fuel Surcharge Industrial	2	1
GFL	LINER FOR RO CONTAINER\NWO#	Local Surcharges/Fees Industrial	2	1
GFL	OPTIONAL PAPER SERVICE	Local Surcharges/Fees Commercial	2	1
GFL	RECYCLE PROCESSING ADJUSTMENT	Local Surcharges/Fees Commercial	2	1
GFL	RO EXCHANGE WO#	Trip Charge	2	1
GFL	RO EXCHANGE WO#	Trip Charge	2	1
GFL	RO FINAL PULL WO#	Trip Charge	2	1
GFL	CY FRONT LOAD SVC MSW TIMES	Fuel Surcharge Commercial	1	1
GFL	COMM EXCHANGE W#	Container Exchange	1	1
GFL	HOUSTON FRANCHISE FEE\NSC	Franchise Fee Commercial	1	1
GFL	OIL/ENVIRONMENTAL PRICE ADJUSTMENT	Fuel Surcharge Industrial	1	1
GFL	RECYCLE PROCESSING FEE SC	Local Surcharges/Fees Commercial	1	1
GFL Environmental	PUBLIC TRANSPORTATION AUTHORITY	FUEL SURCHARGE	84	1
GFL Environmental	CARDBOARD PROCESSING ADJUSTMENT	Local Surcharges/Fees Commercial	22	1
GFL Environmental	CART RECYCLE PROCESSING ADJUSTMENT	Local Surcharges/Fees Commercial	14	1
GFL Environmental	FUEL SURCHARGE	Fuel Surcharge Commercial	7	1
GFL Environmental	CY DELIVERY WO#	Fuel Surcharge Industrial	5	1
GFL Environmental	SITE TAX TOTAL	Vendor Cost Increase - Commercial	5	1
GFL Environmental	SITE SURCHARGE TOTAL	Fuel Surcharge Industrial	3	1
GFL Environmental	COMM REMOVAL WO#	Removal Commercial	2	1
GFL Environmental	COMM REMOVAL WO# \NSERV # COMM FL RECY C	Removal Commercial	2	1
GFL Environmental	DISPOSAL RO OCCDISPOSAL RO	FUEL SURCHARGE	2	1
GFL Environmental	REMOVAL CHARGE FL CONTAINER\NWO#	Monthly Service Commercial	2	1
GFL Environmental	SUB TOTAL TAXES OIL/ENVIRONMENTAL & FEES	Fuel Surcharge Commercial	2	1
GFL Environmental	CY FRONT LOAD SVC MSW WEEKLY	Monthly Service Commercial	1	1
GFL Environmental	CY FRONT LOAD SVC O	Monthly Service Commercial	1	1
GFL Environmental	DISPOSAL RO OCC WO#	FUEL SURCHARGE	1	1
Hamilton Alliance, Inc	DISPOSAL CHARGE - OCC	FUEL SURCHARGE	34	1
Hamilton Alliance, Inc	YD OPEN TOP - TRASH	Monthly Rental Industrial	1	1
Hamilton Alliance, Inc	HAUL CHARGE	Empty & Return	1	1
MERIDIAN WASTE	BROKER FUEL FL	Fuel Surcharge Commercial	7	1
MERIDIAN WASTE	YD ROL TEMP DISPOSAL	Contaminated Disposal Charge	2	1
MERIDIAN WASTE	BROKER FUEL	Fuel Surcharge Commercial	2	1
MERIDIAN WASTE	DUVALL CNTY FRANCHISE FEE	Local Surcharges/Fees Commercial	1	1
MERIDIAN WASTE	LOCK BAR	Lock Bar	1	1
Priority Waste IN	FL-COMM-RECYCLING-YD	Delivery Industrial	9	1
Priority Waste IN	FL-COMM-TRASH-YD	Delivery Industrial	6	1
Priority Waste IN	PAL-FLC-RECYCLING // DELIVERY	Delivery Industrial	6	1
Priority Waste IN	PAL-FLC-TRASH // DELIVERY	Delivery Industrial	6	1
Priority Waste IN	SWITCH ROLL OFF CONTAINER \NYD ROLL OFF	Trip Charge	5	1
Priority Waste IN	AB SURCHARGE DEC	Delivery Industrial	3	1
Priority Waste IN	AB SURCHARGE NOV	Delivery Industrial	3	1
Priority Waste IN	AB SURCHARGE OCT	Delivery Industrial	3	1
Priority Waste IN	MONTHLY CONTAINER RENTAL FEE INCLUDES RE	Delivery Industrial	3	1
Priority Waste IN	MONTHLY CONTAINER RENTAL FEE INCLUDES RE	Delivery Industrial	3	1
Priority Waste IN	FUEL RECOVERY FEE - FL	Fuel Surcharge Commercial	1	1
Priority Waste IN	INDIANAPOLIS SALES TAX	Tax Commercial	1	1
Priority Waste IN	OC	Trip Charge	1	1
Priority Waste IN	SWITCH ROLL OFF CONTAINER	Trip Charge	1	1
Republic Services	PICKUP SERVICE /	Empty & Return	1104	1
Republic Services	PICKUP SERVICE /	Empty & Return	846	1
Republic Services	PICKUP SERVICE /	Empty & Return	600	1
Republic Services	PICKUP SERVICE /	Empty & Return	568	1
Republic Services	PICKUP SERVICE /	Empty & Return	552	1
Republic Services	PICKUP SERVICE /	Empty & Return	480	1
Republic Services	PICKUP SERVICE	Empty & Return	442	1
Republic Services	PICKUP SERVICE /	Empty & Return	440	1
Republic Services	RECYCLE CONTAINER CU YD LIFTS PER WEEK C	Empty & Return	436	1
Republic Services	RECYCLE CONTAINER CU YD LIFTS PER WEEK\N	Empty & Return	414	1
Republic Services	RECYCLE CONTAINER CU YD LIFTS PER WEEK\N	Empty & Return	414	1
Republic Services	PICKUP SERVICE /	Empty & Return	414	1
Republic Services	PICKUP SERVICE /\NRECEIPT NUMBER	Empty & Return	414	1
Republic Services	PICKUP SERVICE /	Empty & Return	414	1
Republic Services	PICKUP SERVICE /	Empty & Return	396	1
Republic Services	PICKUP SERVICE /	Empty & Return	368	1
Republic Services	PICKUP SERVICE /	Empty & Return	368	1
Republic Services	PICKUP SERVICE /	Empty & Return	360	1
Republic Services	PICKUP SERVICE /\NRECEIPT NUMBER	Empty & Return	342	1
Republic Services	PICKUP SERVICE /\NRECEIPT NUMBER	Empty & Return	342	1
Republic Services	/	Empty & Return	340	1
Republic Services	PICKUP SERVICE /	Empty & Return	336	1
Republic Services	PICKUP SERVICE /	Empty & Return	336	1
Republic Services	PICKUP SERVICE /	Empty & Return	320	1
Republic Services	PICKUP SERVICE /	Empty & Return	304	1
Republic Services	PICKUP SERVICE /	Empty & Return	292	1
Republic Services	PICKUP SERVICE /	Empty & Return	292	1
Republic Services	PICKUP SERVICE /	Empty & Return	276	1
Republic Services	PICKUP SERVICE /\NRECEIPT NUMBER	Empty & Return	276	1
Republic Services	PICKUP SERVICE /\NRECEIPT NUMBER	Empty & Return	276	1
Republic Services	PICKUP SERVICE /\NRECEIPT NUMBER	Empty & Return	276	1
Republic Services	PICKUP SERVICE /\NRECEIPT NUMBER	Empty & Return	276	1
Republic Services	PICKUP SERVICE /\NRECEIPT NUMBER	Empty & Return	276	1
Republic Services	PICKUP SERVICE /\NRECEIPT NUMBER	Empty & Return	276	1
Republic Services	PICKUP SERVICE /\NRECEIPT NUMBER	Empty & Return	276	1
Republic Services	RECYCLE CONTAINER CU YD LIFTS PER WEEK\N	Empty & Return	272	1
Republic Services	PICKUP SERVICE /	Empty & Return	272	1
Republic Services	PICKUP SERVICE /	Empty & Return	260	1
Republic Services	PICKUP SERVICE /	Empty & Return	252	1
Republic Services	//	Empty & Return	240	1
Republic Services	RECYCLE CONTAINER CU YD LIFTS PER WEEK\N	Empty & Return	240	1
Republic Services	RECYCLE CONTAINER CU YD LIFTS PER WEEK\N	Empty & Return	240	1
Republic Services	PICKUP SERVICE /	Empty & Return	240	1
Republic Services	PICKUP SERVICE /	Empty & Return	240	1
Republic Services	PICKUP SERVICE /\NRECEIPT NUMBER	Empty & Return	240	1
Republic Services	PICKUP SERVICE /	Empty & Return	240	1
Republic Services	WASTE/RECYCLING OVERAGE /	Overage	240	1
Republic Services	PICKUP SERVICE /	Empty & Return	232	1
Republic Services	PICKUP SERVICE /	Empty & Return	232	1
Republic Services	PICKUP SERVICE /\NRECEIPT NUMBER	Empty & Return	228	1
Republic Services	PICKUP SERVICE /	Empty & Return	228	1
Republic Services	PICKUP SERVICE /	Empty & Return	224	1
Republic Services	PICKUP SERVICE /	Empty & Return	224	1
Republic Services	PICKUP SERVICE /	Empty & Return	216	1
Republic Services	PICKUP SERVICE /\N WASTE CONTAINER CU YD	Empty & Return	216	1
Republic Services	PICKUP SERVICE /	Empty & Return	208	1
Republic Services	PICKUP SERVICE /	Empty & Return	208	1
Republic Services	PICKUP SERVICE /	Empty & Return	204	1
Republic Services	PICKUP SERVICE /	Empty & Return	204	1
Republic Services	PICKUP SERVICE /	Empty & Return	198	1
Republic Services	PICKUP SERVICE /	Empty & Return	196	1
Republic Services	PICKUP SERVICE /\NRECEIPT NUMBER	Empty & Return	192	1
Republic Services	PICKUP SERVICE /\NRECEIPT NUMBER	Empty & Return	192	1
Republic Services	PICKUP SERVICE /\NRECEIPT NUMBER	Empty & Return	192	1
Republic Services	PICKUP SERVICE /	Empty & Return	188	1
Republic Services	PICKUP SERVICE /	Empty & Return	181	1
Republic Services	RECYCLE CONTAINER CU YD LIFTS PER WEEK\N	Empty & Return	168	1
Republic Services	RECYCLE CONTAINER CU YD LIFTS PER WEEK\N	Empty & Return	168	1
Republic Services	RECYCLE CONTAINER CU YD LIFTS PER WEEK\N	Empty & Return	168	1
Republic Services	RECYCLE CONTAINER CU YD LIFTS PER WEEK\N	Empty & Return	168	1
Republic Services	PICKUP SERVICE /\NRECEIPT NUMBER	Empty & Return	168	1
Republic Services	PICKUP SERVICE /	Empty & Return	168	1
Republic Services	PICKUP SERVICE /\NRECEIPT NUMBER	Empty & Return	168	1
Republic Services	PICKUP SERVICE /	Empty & Return	168	1
Republic Services	PICKUP SERVICE /	Empty & Return	168	1
Republic Services	PICKUP SERVICE /\NRECEIPT NUMBER	Empty & Return	168	1
Republic Services	PICKUP SERVICE /\NRECEIPT NUMBER	Empty & Return	168	1
Republic Services	PICKUP SERVICE /\NRECEIPT NUMBER	Empty & Return	168	1
Republic Services	PICKUP SERVICE /\NRECEIPT NUMBER	Empty & Return	168	1
Republic Services	PICKUP SERVICE /\NRECEIPT NUMBER	Empty & Return	168	1
Republic Services	PICKUP SERVICE /\NRECEIPT NUMBER	Empty & Return	168	1
Republic Services	PICKUP SERVICE /	Empty & Return	168	1
Republic Services	PICKUP SERVICE /\NRECEIPT NUMBER	Empty & Return	168	1
Republic Services	PICKUP SERVICE /\NRECEIPT NUMBER	Empty & Return	168	1
Republic Services	PICKUP SERVICE /\NRECEIPT NUMBER	Empty & Return	168	1
Republic Services	PICKUP SERVICE /	Empty & Return	168	1
Republic Services	PICKUP SERVICE /\NRECEIPT NUMBER	Empty & Return	168	1
Republic Services	PICKUP SERVICE /\NRECEIPT NUMBER\N	Empty & Return	168	1
Republic Services	PICKUP SERVICE /\NRECEIPT NUMBER	Empty & Return	160	1
Republic Services	PICKUP SERVICE /\NRECEIPT NUMBER	Empty & Return	160	1
Republic Services	PICKUP SERVICE /	Empty & Return	160	1
Republic Services	PICKUP SERVICE /	Empty & Return	160	1
Republic Services	PICKUP SERVICE /\NRECEIPT NUMBER	Empty & Return	160	1
Republic Services	PICKUP SERVICE /\NRECEIPT NUMBER	Empty & Return	160	1
Republic Services	PICKUP SERVICE /\NRECEIPT NUMBER	Empty & Return	160	1
Republic Services	PICKUP SERVICE /\NRECEIPT NUMBER	Empty & Return	160	1
Republic Services	PICKUP SERVICE /	Empty & Return	156	1
Republic Services	RECYCLE CONTAINER CU YD LIFTS PER WEEK\N	Empty & Return	152	1
Republic Services	RECYCLE CONTAINER CU YD LIFTS PER WEEK\N	Empty & Return	152	1
Republic Services	WASTE COMPACTOR CU YD ON CALL SERVICE	Empty & Return	152	1
Republic Services	PICKUP SERVICE /\NRECEIPT NUMBER	Empty & Return	152	1
Republic Services	PICKUP SERVICE /\NRECEIPT NUMBER	Empty & Return	152	1
Republic Services	PICKUP SERVICE /\NRECEIPT NUMBER	Empty & Return	152	1
Republic Services	PICKUP SERVICE /\NRECEIPT NUMBER	Empty & Return	152	1
Republic Services	PICKUP SERVICE /\NRECEIPT NUMBER	Empty & Return	152	1
Republic Services	PICKUP SERVICE /\NRECEIPT NUMBER	Empty & Return	152	1
Republic Services	PICKUP SERVICE /\NRECEIPT NUMBER	Empty & Return	152	1
Republic Services	PICKUP SERVICE /\NRECEIPT NUMBER	Empty & Return	152	1
Republic Services	PICKUP SERVICE /\NRECEIPT NUMBER	Empty & Return	152	1
Republic Services	PICKUP SERVICE /	Empty & Return	152	1
Republic Services	PICKUP SERVICE /\NRECEIPT NUMBER	Empty & Return	152	1
Republic Services	PICKUP SERVICE /\NRECEIPT NUMBER	Empty & Return	152	1
Republic Services	PICKUP SERVICE /	Empty & Return	144	1
Republic Services	/	Empty & Return	138	1
Republic Services	PICKUP SERVICE /\NSERVICE\NRECEIPT NUMBE	Empty & Return	138	1
Republic Services	PICKUP SERVICE /	Empty & Return	138	1
Republic Services	PICKUP SERVICE /	Empty & Return	138	1
Republic Services	PICKUP SERVICE /\NRECEIPT NUMBER	Empty & Return	138	1
Republic Services	PICKUP SERVICE /\NRECEIPT NUMBER\N	Empty & Return	138	1
Republic Services	PICKUP SERVICE /\NRECEIPT NUMBER	Empty & Return	136	1
Republic Services	PICKUP SERVICE /\NRECEIPT NUMBER	Empty & Return	136	1
Republic Services	WASTE/RECYCLING OVERAGE /	Overage	132	1
Republic Services	WASTE/RECYCLING OVERAGE /	Overage	132	1
Republic Services	PICKUP SERVICE /	Empty & Return	128	1
Republic Services	PICKUP SERVICE /	Empty & Return	127	1
Republic Services	PICKUP SERVICE /	Empty & Return	124	1
Republic Services	FRONT LOAD YD LIFTS PER WEEK\NWASTE/RECY	Overage	120	1
Republic Services	PICKUP SERVICE /\NRECEIPT NUMBER	Empty & Return	120	1
Republic Services	PICKUP SERVICE /	Empty & Return	120	1
Republic Services	PICKUP SERVICE /\NE\NRECEIPT NUMBER	Empty & Return	120	1
Republic Services	PICKUP SERVICE /\NE\NRECEIPT NUMBER	Empty & Return	120	1
Republic Services	PICKUP SERVICE /\NRECEIPT NUMBER	Empty & Return	120	1
Republic Services	PICKUP SERVICE /\NRECEIPT NUMBER	Empty & Return	120	1
Republic Services	PICKUP SERVICE /\NRECEIPT NUMBER	Empty & Return	120	1
Republic Services	PICKUP SERVICE /\NRECEIPT NUMBER	Empty & Return	120	1
Republic Services	PICKUP SERVICE /\NRECEIPT NUMBER	Empty & Return	120	1
Republic Services	WASTE/RECYCLING OVERAGE /	Overage	120	1
Republic Services	WASTE/RECYCLING OVERAGE /	Overage	120	1
Republic Services	WASTE/RECYCLING OVERAGE /	Overage	120	1
Republic Services	WASTE/RECYCLING OVERAGE /	Overage	120	1
Republic Services	WASTE/RECYCLING OVERAGE /\N FRONT LOAD R	Overage	120	1
Republic Services	PICKUP SERVICE /\NRECEIPT NUMBER\N	Empty & Return	114	1
Republic Services	PICKUP SERVICE /	Empty & Return	114	1
Republic Services	PICKUP SERVICE /\NRECEIPT NUMBER	Empty & Return	114	1
Republic Services	PICKUP SERVICE /	Empty & Return	114	1
Republic Services	PICKUP SERVICE /\NRECEIPT NUMBER	Empty & Return	114	1
Republic Services	PICKUP SERVICE /\NRECEIPT NUMBER	Empty & Return	114	1
Republic Services	PICKUP SERVICE /\NRECEIPT NUMBER	Empty & Return	114	1
Republic Services	PICKUP SERVICE /\NRECEIPT NUMBER	Empty & Return	114	1
Republic Services	PICKUP SERVICE /\NRECEIPT NUMBER	Empty & Return	114	1
Republic Services	PICKUP SERVICE /\NRECEIPT NUMBER	Empty & Return	114	1
Republic Services	PICKUP SERVICE /\NRECEIPT NUMBER	Empty & Return	114	1
Republic Services	PICKUP SERVICE /\NRECEIPT NUMBER	Empty & Return	114	1
Republic Services	PICKUP SERVICE /	Empty & Return	104	1
Republic Services	PICKUP SERVICE /	Empty & Return	104	1
Republic Services	PICKUP SERVICE /	Empty & Return	104	1
Republic Services	SERVICE ATTEMPT /	Trip Charge	102	1
Republic Services	PICKUP SERVICE /	Empty & Return	100	1
Republic Services	PICKUP SERVICE /	Empty & Return	100	1
Republic Services	PICKUP SERVICE /	Empty & Return	100	1
Republic Services	PICKUP SERVICE /	Empty & Return	100	1
Republic Services	PICKUP SERVICE /	Empty & Return	100	1
Republic Services	PICKUP SERVICE /	Empty & Return	100	1
Republic Services	PICKUP SERVICE /	Empty & Return	100	1
Republic Services	PICKUP SERVICE /	Empty & Return	100	1
Republic Services	PICKUP SERVICE /	Empty & Return	100	1
Republic Services	PICKUP SERVICE /	Empty & Return	100	1
Republic Services	PICKUP SERVICE /	Empty & Return	100	1
Republic Services	PICKUP SERVICE /	Empty & Return	100	1
Republic Services	PICKUP SERVICE /	Empty & Return	100	1
Republic Services	RECYCLE CONTAINER CU YD LIFTS PER WEEK\N	Trip Charge	99	1
Republic Services	SERVICE ATTEMPT /\NRECEIPT NUMBER	Trip Charge	99	1
Republic Services	SERVICE ATTEMPT /\NRECEIPT NUMBER	Trip Charge	99	1
Republic Services	SERVICE ATTEMPT /\NRECEIPT NUMBER	Trip Charge	99	1
Republic Services	SERVICE ATTEMPT /\NRECEIPT NUMBER	Trip Charge	99	1
Republic Services	PICKUP SERVICE	Empty & Return	96	1
Republic Services	PICKUP SERVICE /	Empty & Return	96	1
Republic Services	PICKUP SERVICE /	Empty & Return	96	1
Republic Services	PICKUP SERVICE /	Empty & Return	96	1
Republic Services	SERVICE ATTEMPT /	Trip Charge	96	1
Republic Services	PICKUP SERVICE /	Empty & Return	94	1
Republic Services	RECYCLE CONTAINER CU YD LIFTS PER WEEK C	Empty & Return	84	1
Republic Services	CKUP SERVICE /\NRECEIPT NUMBER	Empty & Return	84	1
Republic Services	OC	Empty & Return	84	1
Republic Services	PICKUP SERVICE /	Empty & Return	84	1
Republic Services	PICKUP SERVICE /	Empty & Return	84	1
Republic Services	PICKUP SERVICE /	Empty & Return	84	1
Republic Services	PICKUP SERVICE /\NRECEIPT NUMBER\N	Empty & Return	84	1
Republic Services	PICKUP SERVICE /	Empty & Return	84	1
Republic Services	PICKUP SERVICE /\NRECEIPT NUMBER	Empty & Return	84	1
Republic Services	PICKUP SERVICE /\NRECEIPT NUMBER\N	Empty & Return	84	1
Republic Services	PICKUP SERVICE /\NE\NRECEIPT NUMBER	Empty & Return	84	1
Republic Services	PICKUP SERVICE /\NE\NRECEIPT NUMBER	Empty & Return	84	1
Republic Services	PICKUP SERVICE /\NRECEIPT NUMBER	Empty & Return	84	1
Republic Services	PICKUP SERVICE /\NRECEIPT NUMBER	Empty & Return	84	1
Republic Services	PICKUP SERVICE /\NRECEIPT NUMBER\N	Empty & Return	84	1
Republic Services	PICKUP SERVICE /	Empty & Return	84	1
Republic Services	PICKUP SERVICE /	Empty & Return	84	1
Republic Services	PICKUP SERVICE /\NRECEIPT	Empty & Return	84	1
Republic Services	PICKUP SERVICE /\NRECEIPT NUMBER	Empty & Return	84	1
Republic Services	PICKUP SERVICE /\NRECEIPT NUMBER	Empty & Return	84	1
Republic Services	PICKUP SERVICE /\NRECEIPT NUMBER\N	Empty & Return	84	1
Republic Services	PICKUP SERVICE /\NRECEIPT NUMBER	Empty & Return	84	1
Republic Services	PICKUP SERVICE /	Empty & Return	84	1
Republic Services	PICKUP SERVICE /\NRECEIPT NUMBER	Empty & Return	84	1
Republic Services	PICKUP SERVICE /\NRECEIPT NUMBER	Empty & Return	84	1
Republic Services	PICKUP SERVICE /\NRECEIPT NUMBER	Empty & Return	84	1
Republic Services	PICKUP SERVICE /\NRECEIPT NUMBER	Empty & Return	84	1
Republic Services	PICKUP SERVICE /\NRECEIPT NUMBER	Empty & Return	84	1
Republic Services	PICKUP SERVICE /\NRECEIPT NUMBER	Empty & Return	84	1
Republic Services	PICKUP SERVICE /\NRECEIPT NUMBER	Empty & Return	81	1
Republic Services	PICKUP SERVICE /\NRECEIPT NUMBER	Empty & Return	81	1
Republic Services	RECYCLE CONTAINER CU YD LIFTS PER WEEK C	Empty & Return	80	1
Republic Services	PICKUP ERVICE /	Empty & Return	80	1
Republic Services	PICKUP SERVICE /	Empty & Return	80	1
Republic Services	PICKUP SERVICE /	Empty & Return	80	1
Republic Services	PICKUP SERVICE /	Empty & Return	80	1
Republic Services	PICKUP SERVICE /\NRECEIPT NUMBER	Empty & Return	80	1
Republic Services	PICKUP SERVICE /\NRECEIPT NUMBER	Empty & Return	80	1
Republic Services	PICKUP SERVICE /	Empty & Return	80	1
Republic Services	PICKUP SERVICE /\NRECEIPT NUMBER	Empty & Return	80	1
Republic Services	PICKUP SERVICE /	Empty & Return	80	1
Republic Services	PICKUP SERVICE /\NUPS (BLDG B/#/LOC ) WA	Empty & Return	80	1
Republic Services	PICKUP SERVICE /\NRECEIPT NUMBER	Empty & Return	78	1
Republic Services	PICKUP SERVICE /\NRECEIPT NUMBER	Empty & Return	78	1
Republic Services	PICKUP SERVICE /\NRECEIPT NUMBER	Empty & Return	78	1
Republic Services	PICKUP SERVICE /\NRECEIPT NUMBER	Empty & Return	78	1
Republic Services	PICKUP SERVICE /\NRECEIPT NUMBER	Empty & Return	78	1
Republic Services	/	Empty & Return	76	1
Republic Services	PICKUP SERVICE /\NRECEIPT NUMBER	Empty & Return	76	1
Republic Services	PICKUP SERVICE /\NRECEIPT NUMBER	Empty & Return	76	1
Republic Services	PICKUP SERVICE /\NRECEIPT NUMBER	Empty & Return	76	1
Republic Services	PICKUP SERVICE /\NRECEIPT NUMBER	Empty & Return	76	1
Republic Services	PICKUP SERVICE /\NRECEIPT NUMBER	Empty & Return	76	1
Republic Services	PICKUP SERVICE /\NRECEIPT NUMBER	Empty & Return	76	1
Republic Services	PICKUP SERVICE /\NRECEIPT NUMBER	Empty & Return	76	1
Republic Services	PICKUP SERVICE /\NRECEIPT NUMBER\N	Empty & Return	76	1
Republic Services	PICKUP SERVICE /\NSERVICE\NRECEIPT NUMBE	Empty & Return	76	1
Republic Services	PICKUP SERVICE /\NRECEIPT NUMBER	Empty & Return	76	1
Republic Services	TON	Disposal Charge	72	1
Republic Services	WASTE COMPACTOR CU YD ON CALL SERVICE\ND	Disposal Charge	72	1
Republic Services	TONS	Disposal Charge	72	1
Republic Services	TONS	Disposal Charge	72	1
Republic Services	TONS	Disposal Charge	72	1
Republic Services	DISPOSAL TONS	Disposal Charge	72	1
Republic Services	DISPOSAL/RECY	Disposal Charge	72	1
Republic Services	TONS	Disposal Charge	72	1
Republic Services	RENTAL /-/	Monthly Rental Industrial	70	1
Republic Services	RECYCLE CONTAINER CU YD LIFTS PER WEEK C	Empty & Return	68	1
Republic Services	PICKUP SERVICE /	Empty & Return	68	1
Republic Services	PICKUP SERVICE /\NRECEIPT NUMBER	Empty & Return	68	1
Republic Services	PICKUP SERVICE /	Empty & Return	68	1
Republic Services	PICKUP SERVICE /\NRECEIPT NUMBER	Empty & Return	68	1
Republic Services	PICKUP SERVICE /\NRECEIPT NUMBER	Empty & Return	68	1
Republic Services	PICKUP SERVICE /\NRECEIPT NUMBER	Empty & Return	68	1
Republic Services	PICKUP SERVICE /\NRECEIPT NUMBER	Empty & Return	68	1
Republic Services	PICKUP SERVICE /\NRECEIPT NUMBER\N	Empty & Return	68	1
Republic Services	CONTAINER DELIVERY /\NRECEIPT NUMBER	Trip Charge	66	1
Republic Services	SERVICE ATTEMPT /\NRECEIPT NUMBER	Trip Charge	66	1
Republic Services	SERVICE ATTEMPT /\NRECEIPT NUMBER	Trip Charge	66	1
Republic Services	SERVICE ATTEMPT /\NRECEIPT NUMBER	Trip Charge	66	1
Republic Services	SERVICE ATTEMPT /\NRECEIPT NUMBER	Trip Charge	66	1
Republic Services	/	Empty & Return	64	1
Republic Services	PICKUP SERVICE /	Empty & Return	64	1
Republic Services	PICKUP SERVICE /\NRECEIPT NUMBER	Empty & Return	64	1
Republic Services	PICKUP SERVICE /\NRECEIPT NUMBER\N	Empty & Return	64	1
Republic Services	PICKUP SERVICE /\NRECEIPT NUMBER	Empty & Return	64	1
Republic Services	PICKUP SERVICE /\NRECEIPT NUMBER	Empty & Return	64	1
Republic Services	PICKUP SERVICE /\NRECEIPT NUMBER	Empty & Return	64	1
Republic Services	PICKUP SERVICE /\NRECEIPT NUMBER	Empty & Return	64	1
Republic Services	PICKUP SERVICE /\NRECEIPT NUMBER	Empty & Return	64	1
Republic Services	PICKUP SERVICE /\NRECEIPT NUMBER	Empty & Return	64	1
Republic Services	PICKUP SERVICE /\NRECEIPT NUMBER	Empty & Return	64	1
Republic Services	PICKUP SERVICE /\NRECEIPT NUMBER	Empty & Return	64	1
Republic Services	PICKUP SERVICE /\NRECEIPT NUMBER	Empty & Return	64	1
Republic Services	PICKUP SERVICE /-/	Monthly Service Commercial	64	1
Republic Services	PICKUP SERVICE /	Empty & Return	64	1
Republic Services	PICKUP SERVICE /\NRECEIPT NUMBER	Empty & Return	63	1
Republic Services	PICKUP SERVICE /\NRECEIPT NUMBER	Empty & Return	63	1
Republic Services	PICKUP SERVICE /\NRECEIPT NUMBER	Empty & Return	63	1
Republic Services	PICKUP SERVICE /\NRECEIPT NUMBER	Empty & Return	63	1
Republic Services	PICKUP SERVICE /\NRECEIPT NUMBER	Empty & Return	63	1
Republic Services	PICKUP SERVICE /\NRECEIPT NUMBER	Empty & Return	63	1
Republic Services	PICKUP SERVICE /\NRECEIPT NUMBER	Empty & Return	63	1
Republic Services	PICKUP SERVICE /\NRECEIPT NUMBER	Empty & Return	63	1
Republic Services	PICKUP SERVICE /\NRECEIPT NUMBER\N	Empty & Return	63	1
Republic Services	PICKUP SERVICE /\NRECEIPT NUMBER\N	Empty & Return	63	1
Republic Services	PICKUP SERVICE /\NRECEIPT NUMBER	Empty & Return	63	1
Republic Services	PICKUP SERVICE /\NRECEIPT NUMBER	Empty & Return	60	1
Republic Services	PICKUP SERVICE /\NRECEIPT NUMBER\N	Empty & Return	60	1
Republic Services	PICKUP SERVICE /\NRECEIPT NUMBER	Empty & Return	60	1
Republic Services	PICKUP SERVICE /\NRECEIPT NUMBER	Empty & Return	60	1
Republic Services	PICKUP SERVICE /\NRECEIPT NUMBER	Empty & Return	60	1
Republic Services	PICKUP SERVICE /\NRECEIPT NUMBER	Empty & Return	60	1
Republic Services	PICKUP SERVICE /\NRECEIPT NUMBER	Empty & Return	60	1
Republic Services	PICKUP SERVICE /\NRECEIPT NUMBER	Empty & Return	60	1
Republic Services	SERVICE ATTEMPT /\NRECEIPT NUMBER	Trip Charge	56	1
Republic Services	PICKUP SERVICE /\NRECEIPT NUMBER	Empty & Return	54	1
Republic Services	PICKUP SERVICE /\NRECEIPT NUMBER	Empty & Return	54	1
Republic Services	PICKUP SERVICE /	Empty & Return	54	1
Republic Services	PICKUP SERVICE /-/	Monthly Service Commercial	54	1
Republic Services	RECYCLE CART / GAL LIFT PER WEEK\NRECYCL	Monthly Service Commercial	48	1
Republic Services	PICKUP SERVICE /	Empty & Return	48	1
Republic Services	PICKUP SERVICE /	Empty & Return	48	1
Republic Services	SERVICE ATTEMPT /	Trip Charge	48	1
Republic Services	SERVICE ATTEMPT /	Trip Charge	48	1
Republic Services	WASTE/RECYCLING OVERAGE /	Overage	48	1
Republic Services	PICKUP SERVICE /\N WASTE CONTAINER CU YD	Empty & Return	46	1
Republic Services	PICKUP SERVICE /-/	Monthly Service Commercial	46	1
Republic Services	PICKUP SERVICE /-/	Monthly Service Commercial	43	1
Republic Services	MIXED ORGANICS CART / GAL LIFT PER WEEK	Monthly Service Commercial	42	1
Republic Services	FRONT LOAD YD LIFTS PER WEEK\NPICKUP SER	Monthly Service Commercial	36	1
Republic Services	SERVICE ATTEMPT /	Trip Charge	36	1
Republic Services	WASTE/RECYCLING OVERAGE /	Overage	36	1
Republic Services	WASTE/RECYCLING OVERAGE /	Overage	36	1
Republic Services	WASTE/RECYCLING OVERAGE /	Overage	36	1
Republic Services	WASTE/RECYCLING OVERAGE /	Overage	36	1
Republic Services	SERVICE ATTEMPT /\NRECEIPT NUMBER\N	Trip Charge	33	1
Republic Services	SERVICE ATTEMPT /\NRECEIPT NUMBER	Trip Charge	33	1
Republic Services	BLACK CONTAINER CU YD LIFTS PER WEEK\NWA	Overage	32	1
Republic Services	PICKUP SERVICE /	Empty & Return	32	1
Republic Services	PICKUP SERVICE /\NLATHROP CA CONTRACT: (	Empty & Return	32	1
Republic Services	WASTE/RECYCLING OVERAGE /	Overage	32	1
Republic Services	WASTE/RECYCLING OVERAGE /	Overage	32	1
Republic Services	WASTE/RECYCLING OVERAGE /	Overage	32	1
Republic Services	WASTE/RECYCLING OVERAGE /	Overage	32	1
Republic Services	WASTE/RECYCLING OVERAGE /	Overage	32	1
Republic Services	WASTE/RECYCLING OVERAGE /	Overage	32	1
Republic Services	SERVICE ATTEMPT /	Trip Charge	30	1
Republic Services	SERVICE ATTEMPT /	Trip Charge	30	1
Republic Services	SERVICE ATTEMPT /	Trip Charge	30	1
Republic Services	WASTE/RECYCLING OVERAGE /\NOVERLOAD CHAR	Overage	30	1
Republic Services	/	Empty & Return	28	1
Republic Services	RECYCLE CONTAINER CU YD LIFTS PER WEEK W	Trip Charge	28	1
Republic Services	PICKUP /	Empty & Return	28	1
Republic Services	SERVICE ATTEMPT /\NRECEIPT NUMBER	Trip Charge	28	1
Republic Services	SERVICE ATTEMPT /\NRECEIPT NUMBER	Trip Charge	28	1
Republic Services	SERVICE ATTEMPT /	Trip Charge	28	1
Republic Services	/	Empty & Return	27	1
Republic Services	/	Empty & Return	27	1
Republic Services	/	Empty & Return	27	1
Republic Services	PICKUP /	Empty & Return	27	1
Republic Services	PICKUP SERVICE /\NRECEIPT NUMBER	Empty & Return	27	1
Republic Services	PICKUP SERVICE /\NRECEIPT NUMBER\N	Empty & Return	27	1
Republic Services	PICKUP SERVICE /	Empty & Return	27	1
Republic Services	PICKUP SERVICE /	Empty & Return	27	1
Republic Services	PICKUP SERVICE /\NRECEIPT NUMBER	Empty & Return	27	1
Republic Services	PICKUP SERVICE /\NRECEIPT NUMBER\N	Empty & Return	27	1
Republic Services	PICKUP SERVICE /-/	Monthly Service Commercial	27	1
Republic Services	RENTAL /-/	Monthly Rental Industrial	25	1
Republic Services	PICKUP SERVICE /-/	Monthly Service Commercial	24	1
Republic Services	PICKUP SERVICE /\NYD WASTE CART / GAL LI	Empty & Return	24	1
Republic Services	PICKUP SERVICE /\NRECEIPT NUMBER	Empty & Return	24	1
Republic Services	PICKUP SERVICE /\NRECEIPT NUMBER	Empty & Return	24	1
Republic Services	PICKUP SERVICE /\NRECEIPT NUMBER	Empty & Return	24	1
Republic Services	PICKUP SERVICE /\NRECEIPT NUMBER	Empty & Return	24	1
Republic Services	PICKUP SERVICE /\NRECEIPT NUMBER	Empty & Return	24	1
Republic Services	PICKUP SERVICE /\NRECEIPT NUMBER	Empty & Return	24	1
Republic Services	RECYCLING SERVICE /-/	Monthly Service Commercial	24	1
Republic Services	RENTAL /-/	Compactor Rental	24	1
Republic Services	SERVICE ATTEMPT /	Trip Charge	24	1
Republic Services	SERVICE ATTEMPT /	Trip Charge	24	1
Republic Services	SERVICE ATTEMPT /	Trip Charge	24	1
Republic Services	SERVICE ATTEMPT /	Trip Charge	24	1
Republic Services	SERVICE ATTEMPT /\NRECEIPT NUMBER	Trip Charge	24	1
Republic Services	SERVICE ATTEMPT /\NRECEIPT NUMBER	Trip Charge	24	1
Republic Services	SERVICE ATTEMPT /	Trip Charge	24	1
Republic Services	UNLOCK/LOCK FEE /-/	Local Surcharges/Fees Commercial	22	1
Republic Services	UNLOCK/LOCK FEE /-/	Lock Bar	22	1
Republic Services	ADMINISTRATIVE FEE	Local Surcharges/Fees Commercial	21	1
Republic Services	WASTE CONTAINER CU YD LIFT PER WEEK\NPIC	Monthly Service Commercial	20	1
Republic Services	PICKUP SERVICE /\NRECEIPT NUMBER	Empty & Return	20	1
Republic Services	PICKUP SERVICE /\NRECEIPT NUMBER	Empty & Return	20	1
Republic Services	PICKUP SERVICE /\NRECEIPT NUMBER	Empty & Return	20	1
Republic Services	PICKUP SERVICE /\NRECEIPT NUMBER	Empty & Return	20	1
Republic Services	PICKUP SERVICE /\NRECEIPT NUMBER	Empty & Return	20	1
Republic Services	UNLOCK/LOCK FEE /-/	Local Surcharges/Fees Commercial	20	1
Republic Services	UNLOCK/LOCK FEE /-/	Local Surcharges/Fees Commercial	20	1
Republic Services	/	Overage	18	1
Republic Services	/	Overage	18	1
Republic Services	/	Overage	18	1
Republic Services	FRONT LOAD YD LIFTS PER WEEK\NWASTE/RECY	Overage	18	1
Republic Services	FRONT LOAD RECYCLING YD LIFTS PER WEEK C	Overage	18	1
Republic Services	WASTE CONTAINER CU YD LIFT PER WEEK	Trip Charge	18	1
Republic Services	ADMINISTRATIVE FEE /-/	Local Surcharges/Fees Commercial	18	1
Republic Services	ADMINISTRATIVE FEE /-/	Local Surcharges/Fees Commercial	18	1
Republic Services	AGE /	Overage	18	1
Republic Services	RENTAL /-/	Compactor Rental	18	1
Republic Services	UNLOCK/LOCK FEE /-/	Local Surcharges/Fees Commercial	18	1
Republic Services	WASTE/RECYCLING OVERAGE /	Overage	18	1
Republic Services	WASTE/RECYCLING OVERAGE /	Overage	18	1
Republic Services	WASTE/RECYCLING OVERAGE /	Overage	18	1
Republic Services	WASTE/RECYCLING OVERAGE /	Overage	18	1
Republic Services	WASTE/RECYCLING OVERAGE /	Overage	18	1
Republic Services	WASTE/RECYCLING OVERAGE /	Overage	18	1
Republic Services	/	Overage	16	1
Republic Services	/	Overage	16	1
Republic Services	/	Overage	16	1
Republic Services	FRONT LOAD YD LIFT PER WEEK\NPICKUP SERV	Monthly Service Commercial	16	1
Republic Services	IND RECYCLE CONT COMP YD LIFT PER WEEK\N	Empty & Return	16	1
Republic Services	RECYCLE CART / GAL LIFT PER WEEK\NRECYCL	Monthly Service Commercial	16	1
Republic Services	RECYCLE CONTAINER CU YD LIFTS PER WEEK	Monthly Service Commercial	16	1
Republic Services	WASTE CONTAINER CU YD LIFT PER WEEK\NWAS	Overage	16	1
Republic Services	CLING OVERAGE /	Overage	16	1
Republic Services	PICKUP SERVICE /\NCONTAMINATED MATERIALS	Empty & Return	16	1
Republic Services	PICKUP SERVICE /\NCONTAMINATED MATERIALS	Empty & Return	16	1
Republic Services	PICKUP SERVICE /-/	Monthly Service Commercial	16	1
Republic Services	PICKUP SERVICE /-/	Monthly Service Commercial	16	1
Republic Services	PICKUP SERVICE /\N WASTE CONTAINER CU YD	Empty & Return	16	1
Republic Services	PICKUP SERVICE /	Empty & Return	16	1
Republic Services	PICKUP SERVICE /	Empty & Return	16	1
Republic Services	PICKUP SERVICE /\NRECEIPT NUMBER	Empty & Return	16	1
Republic Services	PICKUP SERVICE /	Empty & Return	16	1
Republic Services	PICKUP SERVICE /\NRECEIPT NUMBER	Empty & Return	16	1
Republic Services	PICKUP SERVICE /\NRECEIPT NUMBER	Empty & Return	16	1
Republic Services	RECYCLING SERVICE /-/	Monthly Service Commercial	16	1
Republic Services	SERVICE ATTEMPT /	Trip Charge	16	1
Republic Services	SERVICE ATTEMPT /	Trip Charge	16	1
Republic Services	SERVICE ATTEMPT /	Trip Charge	16	1
Republic Services	TOTAL STATE SALES TAX	Tax Commercial	16	1
Republic Services	WASTE/RECYCLING OVERAGE /	Overage	16	1
Republic Services	WASTE/RECYCLING OVERAGE /	Overage	16	1
Republic Services	WASTE/RECYCLING OVERAGE /	Overage	16	1
Republic Services	WASTE/RECYCLING OVERAGE /	Overage	16	1
Republic Services	WASTE/RECYCLING OVERAGE /\NOVERLOAD CHAR	Overage	16	1
Republic Services	WASTE/RECYCLING OVERAGE /\NOVERLOAD CHAR	Overage	16	1
Republic Services	WASTE/RECYCLING OVERAGE /\NOVERLOAD CHAR	Overage	16	1
Republic Services	SERVICE ATTEMPT /	Trip Charge	15	1
Republic Services	/	Overage	14	1
Republic Services	OVERLOAD CHARGE\NWASTE/RECYCLING OVERAGE	Overage	14	1
Republic Services	SERVICE ATTEMPT /	Trip Charge	14	1
Republic Services	FRONT LOAD YD LIFT PER WEEK\NWASTE/RECYC	Overage	12	1
Republic Services	RECYCLE CONTAINER CU YD LIFTS PER WEEK\N	Monthly Service Commercial	12	1
Republic Services	RECYCLE CONTAINER CU YD LIFTS PER WEEK\N	Trip Charge	12	1
Republic Services	TRASH CART / GAL LIFT PER WEEK\NPICKUP S	Monthly Service Commercial	12	1
Republic Services	WASTE CONTAINER CU YD LIFTS PER WEEK\NPI	Monthly Service Commercial	12	1
Republic Services	YD WASTE CART / GAL LIFT PER WEEK ORGANI	Monthly Service Commercial	12	1
Republic Services	DISPOSAL/RECYCLING /	Local Surcharges/Fees Industrial	12	1
Republic Services	OC	Empty & Return	12	1
Republic Services	PICKUP SERVICE /	Empty & Return	12	1
Republic Services	PICKUP SERVICE /	Empty & Return	12	1
Republic Services	PICKUP SERVICE /\N WASTE CONTAINER CU YD	Empty & Return	12	1
Republic Services	RECYCLING SERVICE /-/	Monthly Service Commercial	12	1
Republic Services	RENTAL /-/	Compactor Rental	12	1
Republic Services	RENTAL /-/\N WASTE CONTAINER CU YD ON CA	Monthly Rental Industrial	12	1
Republic Services	SERVICE ATTEMPT /	Trip Charge	12	1
Republic Services	WASTE/RECYCLING OVERAGE /	Overage	12	1
Republic Services	WASTE/RECYCLING OVERAGE /\NOVERLOAD CHAR	Overage	12	1
Republic Services	FRONT LOAD YD LIFT PER WEEK\NPICKUP SERV	Monthly Service Commercial	10	1
Republic Services	RECYCLE CART / GAL LIFT PER WEEK\NRECYCL	Monthly Service Commercial	10	1
Republic Services	RENTAL /-/	Monthly Rental Industrial	10	1
Republic Services	TRASH CART / GAL LIFT PER WEEK\NPICKUP S	Monthly Service Commercial	9	1
Republic Services	WASTE CONTAINER CU YD LIFT PER WEEK\NPIC	Monthly Service Commercial	9	1
Republic Services	HOURS RATE /	Overage	9	1
Republic Services	RENTAL /-/	Monthly Rental Industrial	9	1
Republic Services	/	Overage	8	1
Republic Services	FI MIXED ORGANICS YD LIFT PER WEEK ORGAN	Monthly Service Commercial	8	1
Republic Services	FI MIXED ORGANICS YD LIFTS PER WEEK ORGA	Monthly Service Commercial	8	1
Republic Services	FI MIXED ORGANICS YD LIFTS PER WEEK ORGA	Monthly Service Commercial	8	1
Republic Services	FRONT LOAD YD LIFT PER WEEK\NPICKUP SERV	Monthly Service Commercial	8	1
Republic Services	FRONT LOAD YD LIFT PER WEEK\NPICKUP SERV	Monthly Service Commercial	8	1
Republic Services	FRONT LOAD YD LIFTS PER WEEK\NPICKUP SER	Monthly Service Commercial	8	1
Republic Services	FRONT LOAD RECYCLING YD LIFT PER WEEK\NP	Monthly Service Commercial	8	1
Republic Services	FRONT LOAD RECYCLING YD LIFT PER WEEK\NR	Monthly Service Commercial	8	1
Republic Services	FRONT LOAD RECYCLING YD LIFTS PER WEEK C	Overage	8	1
Republic Services	IND RECYCLE CONT COMP YD LIFT PER WEEK\N	Empty & Return	8	1
Republic Services	MIXED ORGANICS CART / GAL LIFT PER WEEK	Monthly Service Commercial	8	1
Republic Services	MIXED ORGANICS CART / GAL LIFT PER WEEK	Monthly Service Commercial	8	1
Republic Services	RECYCLE CONTAINER CU YD LIFTS PER WEEK\N	Monthly Service Commercial	8	1
Republic Services	RECYCLE CONTAINER CU YD ON CALL SERVICE\	Monthly Rental Industrial	8	1
Republic Services	RECYCLE CONTAINER CU YD LIFTS PER WEEK\N	Monthly Service Commercial	8	1
Republic Services	RECYCLE CONTAINER CU YD LIFTS PER WEEK\N	Monthly Service Commercial	8	1
Republic Services	RECYCLE CONTAINER CU YD LIFTS PER WEEK\N	Monthly Service Commercial	8	1
Republic Services	RECYCLE CONTAINER CU YD LIFTS PER WEEK\N	Monthly Service Commercial	8	1
Republic Services	TRASH CART / GAL LIFT PER WEEK\NPICKUP S	Monthly Service Commercial	8	1
Republic Services	WASTE COMPACTOR CU YD ON CALL SERVICE\NS	Trip Charge	8	1
Republic Services	WASTE CONTAINER CU YD LIFTS PER WEEK\NWA	Overage	8	1
Republic Services	WASTE CONTAINER CU YD LIFT PER WEEK\NWAS	Overage	8	1
Republic Services	WASTE CONTAINER CU YD LIFTS PER WEEK\NPI	Monthly Service Commercial	8	1
Republic Services	WASTE CONTAINER CU YD LIFT PER WEEK\NPIC	Monthly Service Commercial	8	1
Republic Services	WASTE CONTAINER CU YD LIFT PER WEEK\NPIC	Monthly Service Commercial	8	1
Republic Services	WASTE CONTAINER CU YD LIFT PER WEEK\NPIC	Monthly Service Commercial	8	1
Republic Services	WASTE CONTAINER CU YD LIFT PER WEEK\NWAS	Overage	8	1
Republic Services	WASTE CONTAINER CU YD LIFTS PER WEEK\NPI	Monthly Service Commercial	8	1
Republic Services	BLACK CONTAINER CU YD LIFTS PER WEEK\NWA	Overage	8	1
Republic Services	BLACK CONTAINER CU YD LIFTS PER WEEK\NWA	Overage	8	1
Republic Services	RECYCLE CONTAINER CU YD LIFTS PER WEEK\N	Overage	8	1
Republic Services	ADMINISTRATIVE FEE /-/	Local Surcharges/Fees Commercial	8	1
Republic Services	ADMINISTRATIVE FEE /-/	Local Surcharges/Fees Commercial	8	1
Republic Services	ADMINISTRATIVE FEE /-/	Local Surcharges/Fees Commercial	8	1
Republic Services	ADMINISTRATIVE FEE /-/	Local Surcharges/Fees Commercial	8	1
Republic Services	AGE /	Overage	8	1
Republic Services	PICKUP SERVICE /\NRECEIPT NUMBER	Empty & Return	8	1
Republic Services	PICKUP SERVICE /\NRECEIPT NUMBER	Empty & Return	8	1
Republic Services	PICKUP SERVICE /\NRECEIPT NUMBER	Empty & Return	8	1
Republic Services	PICKUP SERVICE /\NRECEIPT NUMBER	Empty & Return	8	1
Republic Services	PICKUP SERVICE /\NRECEIPT NUMBER	Empty & Return	8	1
Republic Services	PICKUP SERVICE /	Empty & Return	8	1
Republic Services	PULL-OUT CHARGE /-/	Local Surcharges/Fees Commercial	8	1
Republic Services	RECYCLING PROCESSING CHARGE /-/	Local Surcharges/Fees Commercial	8	1
Republic Services	RENTAL /-/	Compactor Rental	8	1
Republic Services	RENTAL /-/	Compactor Rental	8	1
Republic Services	SERVICE ATTEMPT /	Trip Charge	8	1
Republic Services	SERVICE ATTEMPT /	Trip Charge	8	1
Republic Services	SERVICE ATTEMPT /	Trip Charge	8	1
Republic Services	SERVICE ATTEMPT /\NRECEIPT NUMBER	Trip Charge	8	1
Republic Services	SERVICE ATTEMPT /	Trip Charge	8	1
Republic Services	SERVICE ATTEMPT /	Trip Charge	8	1
Republic Services	SERVICE ATTEMPT /	Trip Charge	8	1
Republic Services	TOTAL HENDERSON ENVIRONMENTAL SURCHG	Fuel Surcharge Commercial	8	1
Republic Services	UNLOCK/LOCK FEE /-/	Local Surcharges/Fees Commercial	8	1
Republic Services	UNLOCK/LOCK FEE /-/	Local Surcharges/Fees Commercial	8	1
Republic Services	WASTE/ AGE /	Overage	8	1
Republic Services	WASTE/RECYCLING OVERAGE /	Overage	8	1
Republic Services	WASTE/RECYCLING OVERAGE /	Overage	8	1
Republic Services	WASTE/RECYCLING OVERAGE /	Overage	8	1
Republic Services	WASTE/RECYCLING OVERAGE /	Overage	8	1
Republic Services	WASTE/RECYCLING OVERAGE /	Overage	8	1
Republic Services	WASTE/RECYCLING OVERAGE /	Overage	8	1
Republic Services	WASTE/RECYCLING OVERAGE /\NOVERLOAD CHAR	Overage	8	1
Republic Services	FRONT LOAD YD LIFTS PER WEEK\NWASTE/RECY	Overage	7	1
Republic Services	FRONT LOAD RECYCLING YD LIFTS PER WEEK C	Overage	7	1
Republic Services	PICKUP SERVICE /-/	Monthly Service Commercial	7	1
Republic Services	RECYCLING SERVICE /-/	Monthly Service Commercial	7	1
Republic Services	RECYCLING SERVICE /-/	Monthly Service Commercial	7	1
Republic Services	WASTE/RECYCLING OVERAGE /	Overage	7	1
Republic Services	/	Overage	6	1
Republic Services	FI MIXED ORGANICS YD LIFTS PER WEEK ORGA	Local Surcharges/Fees Commercial	6	1
Republic Services	FI MIXED ORGANICS YD LIFTS PER WEEK ORGA	Local Surcharges/Fees Commercial	6	1
Republic Services	FI MIXED ORGANICS YD LIFTS PER WEEK ORGA	Monthly Service Commercial	6	1
Republic Services	FRONT LOAD YD LIFTS PER WEEK\NWASTE/RECY	Overage	6	1
Republic Services	FRONT LOAD YD LIFTS PER WEEK\NPICKUP SER	Monthly Service Commercial	6	1
Republic Services	FRONT LOAD RECYCLING YD LIFTS PER WEEK C	Overage	6	1
Republic Services	MIXED ORGANICS CART / GAL LIFT PER WEEK	Monthly Service Commercial	6	1
Republic Services	RECYCLE CART / GAL LIFT PER WEEK\NRECYCL	Monthly Service Commercial	6	1
Republic Services	RECYCLE CONTAINER CU YD LIFTS PER WEEK\N	Local Surcharges/Fees Commercial	6	1
Republic Services	RECYCLE CONTAINER CU YD LIFTS PER WEEK\N	Local Surcharges/Fees Commercial	6	1
Republic Services	RECYCLE CONTAINER CU YD LIFTS PER WEEK\N	Monthly Service Commercial	6	1
Republic Services	RECYCLE CONTAINER CU YD ON CALL SERVICE\	Monthly Rental Industrial	6	1
Republic Services	ROLL OFF COMP YD ON CALL SERVICE\NPICKUP	Empty & Return	6	1
Republic Services	WASTE COMPACTOR CU YD LIFT PER WEEKS\NDI	Local Surcharges/Fees Industrial	6	1
Republic Services	WASTE CONTAINER CU YD LIFT PER WEEK\NWAS	Overage	6	1
Republic Services	WASTE CONTAINER CU YD LIFT PER WEEK\NPIC	Monthly Service Commercial	6	1
Republic Services	WASTE CONTAINER CU YD LIFT PER WEEK\NWAS	Overage	6	1
Republic Services	WASTE CONTAINER CU YD LIFTS PER WEEK\NPI	Monthly Service Commercial	6	1
Republic Services	WASTE CONTAINER CU YD LIFTS PER WEEK\NPI	Monthly Service Commercial	6	1
Republic Services	DISPOSAL/RECYCLING /	Local Surcharges/Fees Industrial	6	1
Republic Services	DISPOSAL/RECYCLING /	Local Surcharges/Fees Industrial	6	1
Republic Services	ER CU YD ON CALL SERVICE\NRENTAL /-/	Monthly Rental Industrial	6	1
Republic Services	LOCK/BAR FEE RECURRING /-/	Lock Bar	6	1
Republic Services	OVERLOAD CHARGE\NWASTE/RECYCLING OVERAGE	Overage	6	1
Republic Services	OVERLOAD CHARGE\NWASTE/RECYCLING OVERAGE	Overage	6	1
Republic Services	PICKUP SERVICE /	Empty & Return	6	1
Republic Services	PICKUP SERVICE /\NYD WASTE CART / GAL LI	Empty & Return	6	1
Republic Services	RECYCLING SERVICE /-/	Monthly Service Commercial	6	1
Republic Services	SERVICE ATTEMPT /	Trip Charge	6	1
Republic Services	SERVICE ATTEMPT /\N WASTE COMPACT	Trip Charge	6	1
Republic Services	SERVICE ATTEMPT /\NUPS (BLDG B/#/LOC	Trip Charge	6	1
Republic Services	TOTAL FUEL RECOVERY FEE	Fuel Surcharge Commercial	6	1
Republic Services	WASTE/RECYCLING	Overage	6	1
Republic Services	WASTE/RECYCLING OVERAGE /\NOVERLOAD CHAR	Overage	6	1
Republic Services	WASTE/RECYCLING OVERAGE /\NOVERLOAD CHAR	Overage	6	1
Republic Services	WASTE/RECYCLING OVERAGE /\NOVERLOAD CHAR	Overage	6	1
Republic Services	WASTE/RECYCLING OVERAGE /	Overage	6	1
Republic Services	WASTE/RECYCLING OVERAGE /\NOVERLOAD CHAR	Overage	6	1
Republic Services	WASTE/RECYCLING OVERAGE /	Overage	6	1
Republic Services	WASTE/RECYCLING OVERAGE /\NOVERLOAD CHAR	Overage	6	1
Republic Services	WASTE/RECYCLING OVERAGE /\NOVERLOAD CHAR	Overage	6	1
Republic Services	BLUE CONTAINER CU YD ON CALL SERVICE\NPI	Empty & Return	5	1
Republic Services	PICKUP SERVICE /	Empty & Return	5	1
Republic Services	BLACK CONTAINER CU YD LIFTS PER WEEK\NNO	Extra Pick Up	4	1
Republic Services	FI MIXED ORGANICS YD LIFTS PER WEEK ORGA	Monthly Service Commercial	4	1
Republic Services	FI MIXED ORGANICS YD LIFTS PER WEEK ORGA	Monthly Service Commercial	4	1
Republic Services	FI MIXED ORGANICS YD LIFTS PER WEEK ORGA	Monthly Service Commercial	4	1
Republic Services	FRONT LOAD YD LIFT PER WEEK\NPICKUP SERV	Monthly Service Commercial	4	1
Republic Services	FRONT LOAD YD LIFT PER WEEK\NWASTE/RECYC	Overage	4	1
Republic Services	FRONT LOAD YD LIFTS PER WEEK\NPICKUP SER	Monthly Service Commercial	4	1
Republic Services	FRONT LOAD YD LIFTS PER WEEK\NPICKUP SER	Monthly Service Commercial	4	1
Republic Services	FRONT LOAD YD LIFTS PER WEEK\NPICKUP SER	Monthly Service Commercial	4	1
Republic Services	FRONT LOAD YD LIFTS PER WEEK\NPICKUP SER	Monthly Service Commercial	4	1
Republic Services	FRONT LOAD YD LIFTS PER WEEK\NPICKUP SER	Monthly Service Commercial	4	1
Republic Services	FRONT LOAD RECYCLING YD LIFTS PER WEEK C	Overage	4	1
Republic Services	FRONT LOAD RECYCLING YD LIFTS PER WEEK C	Overage	4	1
Republic Services	FRONT LOAD RECYCLING YD LIFTS PER WEEK\N	Monthly Service Commercial	4	1
Republic Services	GREEN CONTAINER GAL LIFT PER WEEK ORGANI	Monthly Service Commercial	4	1
Republic Services	MIXED ORGANICS CART / GAL LIFT PER WEEK	Monthly Service Commercial	4	1
Republic Services	RECYCLE CART / GAL LIFT PER WEEK\NRECYCL	Monthly Service Commercial	4	1
Republic Services	RECYCLE CART / GAL LIFT PER WEEK\NRECYCL	Monthly Service Commercial	4	1
Republic Services	RECYCLE CONTAINER CU YD LIFT PER WEEK\NR	Monthly Service Commercial	4	1
Republic Services	RECYCLE CONTAINER CU YD LIFTS PER WEEK\N	Monthly Service Commercial	4	1
Republic Services	RECYCLE CONTAINER CU YD LIFT PER WEEKS\N	Empty & Return	4	1
Republic Services	RECYCLE CONTAINER CU YD LIFT PER WEEKS\N	Monthly Service Commercial	4	1
Republic Services	RECYCLE CONTAINER CU YD LIFT PER WEEK\NP	Monthly Service Commercial	4	1
Republic Services	RECYCLE CONTAINER CU YD LIFT PER WEEK\NP	Monthly Service Commercial	4	1
Republic Services	RECYCLE CONTAINER CU YD LIFTS PER WEEK\N	Monthly Service Commercial	4	1
Republic Services	RECYCLE CONTAINER CU YD LIFTS PER WEEK\N	Monthly Service Commercial	4	1
Republic Services	RECYCLE CONTAINER CU YD LIFTS PER WEEK C	Overage	4	1
Republic Services	RECYCLE CONTAINER CU YD LIFT PER WEEK\NR	Monthly Service Commercial	4	1
Republic Services	RECYCLE CONTAINER CU YD LIFTS PER WEEK\N	Monthly Service Commercial	4	1
Republic Services	RECYCLE CONTAINER CU YD LIFTS PER WEEK\N	Monthly Service Commercial	4	1
Republic Services	RECYCLE CONTAINER CU YD LIFTS PER WEEK\N	Monthly Service Commercial	4	1
Republic Services	RECYCLE CONTAINER CU YD LIFTS PER WEEK\N	Monthly Service Commercial	4	1
Republic Services	TRASH CART / GAL LIFT PER WEEK\NCONTAINE	Delivery Commercial	4	1
Republic Services	WASTE COMPACTOR CU YD ON CALL SERVICE\NR	Compactor Rental	4	1
Republic Services	WASTE COMPACTOR CU YD ON CALL SERVICE\NR	Compactor Rental	4	1
Republic Services	WASTE CONTAINER CU YD LIFT PER WEEK\NWAS	Overage	4	1
Republic Services	WASTE CONTAINER CU YD LIFT PER WEEK\NWAS	Overage	4	1
Republic Services	WASTE CONTAINER CU YD LIFTS PER WEEK\NWA	Overage	4	1
Republic Services	WASTE CONTAINER CU YD ON CALL SERVICE\NC	Delivery Industrial	4	1
Republic Services	WASTE CONTAINER CU YD LIFT PER WEEK\NWAS	Overage	4	1
Republic Services	WASTE CONTAINER CU YD LIFT PER WEEK\NWAS	Overage	4	1
Republic Services	WASTE CONTAINER CU YD LIFT PER WEEK\NWAS	Overage	4	1
Republic Services	WASTE CONTAINER CU YD LIFTS PER WEEK\NWA	Overage	4	1
Republic Services	WASTE CONTAINER CU YD LIFTS PER WEEK\NWA	Overage by Yard	4	1
Republic Services	WASTE CONTAINER CU YD LIFTS PER WEEK\NPU	Local Surcharges/Fees Commercial	4	1
Republic Services	WASTE CONTAINER CU YD LIFTS PER WEEK\NPU	Local Surcharges/Fees Commercial	4	1
Republic Services	WASTE CONTAINER CU YD LIFT PER WEEK\NPIC	Monthly Service Commercial	4	1
Republic Services	WASTE CONTAINER CU YD LIFT PER WEEK\NWAS	Overage	4	1
Republic Services	WASTE CONTAINER CU YD LIFTS PER WEEK\NCO	Local Surcharges/Fees Commercial	4	1
Republic Services	WASTE CONTAINER CU YD LIFTS PER WEEK\NWA	Overage	4	1
Republic Services	WASTE CONTAINER CU YD LIFTS PER WEEK\NWA	Overage	4	1
Republic Services	WASTE CONTAINER CU YD LIFTS PER WEEK\NWA	Overage	4	1
Republic Services	WASTE CONTAINER CU YD LIFTS PER WEEK\NPU	Local Surcharges/Fees Commercial	4	1
Republic Services	WASTE CONTAINER CU YD LIFTS PER WEEK\NPU	Local Surcharges/Fees Commercial	4	1
Republic Services	WASTE CONTAINER CU YD ON CALL SERVICE\NP	Empty & Return	4	1
Republic Services	WASTE CONTAINER CU YD LIFT PER WEEK\NHAZ	Local Surcharges/Fees Commercial	4	1
Republic Services	WASTE CONTAINER CU YD LIFTS PER WEEK\NPI	Monthly Service Commercial	4	1
Republic Services	WASTE CONTAINER CU YD LIFTS PER WEEK\NPI	Monthly Service Commercial	4	1
Republic Services	WASTE CONTAINER CU YD LIFTS PER WEEK\NPI	Monthly Service Commercial	4	1
Republic Services	WASTE CONTAINER CU YD LIFTS PER WEEK\NPI	Monthly Service Commercial	4	1
Republic Services	WASTE CONTAINER CU YD LIFT PER WEEK\NPIC	Monthly Service Commercial	4	1
Republic Services	WASTE CONTAINER CU YD LIFT PER WEEK\NWAS	Overage	4	1
Republic Services	WASTE CONTAINER CU YD LIFTS PER WEEK\NPI	Monthly Service Commercial	4	1
Republic Services	WASTE CONTAINER CU YD LIFTS PER WEEK\NPI	Monthly Service Commercial	4	1
Republic Services	WASTE CONTAINER CU YD LIFTS PER WEEK\NPI	Monthly Service Commercial	4	1
Republic Services	WASTE CONTAINER CU YD LIFTS PER WEEK\NPI	Monthly Service Commercial	4	1
Republic Services	WASTE CONTAINER CU YD LIFTS PER WEEK\NPI	Monthly Service Commercial	4	1
Republic Services	YD WASTE CART / GAL LIFT PER WEEK ORGANI	Monthly Service Commercial	4	1
Republic Services	YD WASTE CART / GAL LIFT PER WEEK\NRECYC	Monthly Service Commercial	4	1
Republic Services	FRONT LOAD RECYCLING YD LIFTS PER WEEK C	Overage	4	1
Republic Services	RECYCLE CONTAINER CU YD LIFTS PER WEEK\N	Overage	4	1
Republic Services	ADMINISTRATIVE FEE /-/	Local Surcharges/Fees Commercial	4	1
Republic Services	BASIC SERVICE /-/	Monthly Service Commercial	4	1
Republic Services	BLACK AND BLUE BIN SERVICE /-/	Monthly Service Commercial	4	1
Republic Services	CONTAINER DELIVERY /	Delivery Industrial	4	1
Republic Services	CONTAINER REFRESH /-/	Local Surcharges/Fees Commercial	4	1
Republic Services	CONTAINER REFRESH /-/	Local Surcharges/Fees Commercial	4	1
Republic Services	DISPOSAL/RECYCLING /	Local Surcharges/Fees Industrial	4	1
Republic Services	DISPOSAL/RECYCLING /	Local Surcharges/Fees Industrial	4	1
Republic Services	ORGANIC WASTE PROCESSING /-/	Monthly Service Commercial	4	1
Republic Services	ORGANIC WASTE PROCESSING /-/	Monthly Service Commercial	4	1
Republic Services	OVERLOAD CHARGE\NWASTE/RECYCLING OVERAGE	Overage	4	1
Republic Services	OVERLOAD CHARGE\NWASTE/RECYCLING OVERAGE	Overage	4	1
Republic Services	PICKUP SERVICE /	Final Pick Up	4	1
Republic Services	PICKUP SERVICE /	Final Pick Up	4	1
Republic Services	PICKUP SERVICE /\NRECEIPT NUMBER	Empty & Return	4	1
Republic Services	RENTAL /-/	Monthly Rental Industrial	4	1
Republic Services	RENTAL /-/\NRENTAL /-/	Compactor Rental	4	1
Republic Services	RENTAL	Monthly Rental Industrial	4	1
Republic Services	SERVICE ATTEMPT /\NRECEIPT NUMBER	Trip Charge	4	1
Republic Services	SERVICE ATTEMPT /\NRECEIPT NUMBER	Trip Charge	4	1
Republic Services	SERVICE ATTEMPT /	Trip Charge	4	1
Republic Services	SERVICE ATTEMPT /	Trip Charge	4	1
Republic Services	TOTAL FUEL/ENVIRONMENTAL RECOVERY FEE	Fuel Surcharge Commercial	4	1
Republic Services	UNLOCK/LOCK FEE /-/	Local Surcharges/Fees Commercial	4	1
Republic Services	UNLOCK/LOCK FEE /-/	Lock Bar	4	1
Republic Services	WASTE/RECYCLING OVERAGE /	Overage	4	1
Republic Services	WASTE/RECYCLING OVERAGE /	Overage	4	1
Republic Services	WASTE/RECYCLING OVERAGE /\NOVERLOAD CHAR	Overage	4	1
Republic Services	WASTE/RECYCLING OVERAGE /	Overage	4	1
Republic Services	WASTE/RECYCLING OVERAGE /	Overage	4	1
Republic Services	WASTE/RECYCLING OVERAGE /\NOVERLOAD CHAR	Overage	4	1
Republic Services	WASTE/RECYCLING OVERAGE /	Overage	4	1
Republic Services	WASTE/RECYCLINGOVERLOAD CHARGE	Overage	4	1
Republic Services	FI MIXED ORGANICS YD LIFTS PER WEEK ORGA	Monthly Service Commercial	3	1
Republic Services	FI MIXED ORGANICS YD LIFTS PER WEEK ORGA	Monthly Service Commercial	3	1
Republic Services	GREEN CONTAINER GAL LIFT PER WEEK ORGANI	Monthly Service Commercial	3	1
Republic Services	RECYCLE CONTAINER CU YD LIFTS PER WEEK\N	Local Surcharges/Fees Commercial	3	1
Republic Services	RECYCLE CONTAINER CU YD LIFTS PER WEEK\N	Monthly Service Commercial	3	1
Republic Services	RECYCLE CONTAINER CU YD LIFTS PER WEEK\N	Monthly Service Commercial	3	1
Republic Services	WASTE CONTAINER CU YD LIFTS PER WEEK\NPI	Monthly Service Commercial	3	1
Republic Services	ORGANIC WASTE PROCESSING /-/	Monthly Service Commercial	3	1
Republic Services	PICKUP SERVICE /	Empty & Return	3	1
Republic Services	PULL-OUT CHARGE /-/	Local Surcharges/Fees Commercial	3	1
Republic Services	/	Extra Pick Up	2	1
Republic Services	T	Monthly Service Commercial	2	1
Republic Services	CART GAL LIFT PER WEEK ORGANICS\NPICKUP	Monthly Service Commercial	2	1
Republic Services	FI MIXED ORGANICS YD LIFTS PER WEEK ORGA	Monthly Service Commercial	2	1
Republic Services	FI MIXED ORGANICS YD LIFTS PER WEEK ORGA	Monthly Service Commercial	2	1
Republic Services	FI MIXED ORGANICS YD LIFTS PER WEEK ORGA	Local Surcharges/Fees Commercial	2	1
Republic Services	FRONT LOAD YD LIFT PER WEEK\NPICKUP SERV	Monthly Service Commercial	2	1
Republic Services	FRONT LOAD YD LIFT PER WEEK\NPICKUP SERV	Monthly Service Commercial	2	1
Republic Services	FRONT LOAD YD LIFT PER WEEK\NPICKUP SERV	Monthly Service Commercial	2	1
Republic Services	FRONT LOAD YD LIFTS PER WEEK\NINTEGRATED	Local Surcharges/Fees Commercial	2	1
Republic Services	FRONT LOAD YD LIFTS PER WEEK\NINTEGRATED	Local Surcharges/Fees Commercial	2	1
Republic Services	FRONT LOAD YD LIFTS PER WEEK\NPICKUP SER	Monthly Service Commercial	2	1
Republic Services	FRONT LOAD YD LIFTS PER WEEK\NPICKUP SER	Monthly Service Commercial	2	1
Republic Services	FRONT LOAD YD LIFTS PER WEEK	Monthly Rental Industrial	2	1
Republic Services	FRONT LOAD RECYCLING YD LIFT PER WEEK MA	Monthly Service Commercial	2	1
Republic Services	FRONT LOAD RECYCLING YD LIFT PER WEEK CO	Contaminated Load	2	1
Republic Services	FRONT LOAD RECYCLING YD LIFT PER WEEK CO	Contaminated Load	2	1
Republic Services	FRONT LOAD RECYCLING YD LIFTS PER WEEK C	Overage	2	1
Republic Services	FRONT LOAD RECYCLING YD LIFTS PER WEEK\N	Monthly Service Commercial	2	1
Republic Services	FRONT LOAD RECYCLING YD LIFTS PER WEEK\N	Monthly Service Commercial	2	1
Republic Services	MIXED ORGANICS CART / GAL LIFT PER WEEK	Monthly Service Commercial	2	1
Republic Services	MIXED ORGANICS CART / GAL LIFT PER WEEK	Monthly Service Commercial	2	1
Republic Services	MIXED ORGANICS CART / GAL LIFT PER WEEK	Monthly Service Commercial	2	1
Republic Services	RECYCLE CART / GAL LIFT PER WEEK\NRECYCL	Monthly Service Commercial	2	1
Republic Services	RECYCLE CART / GAL LIFT PER WEEK\NRECYCL	Monthly Service Commercial	2	1
Republic Services	RECYCLE CONTAINER CU YD LIFTS PER WEEK\N	Local Surcharges/Fees Commercial	2	1
Republic Services	RECYCLE CONTAINER CU YD LIFT PER WEEKS\N	Empty & Return	2	1
Republic Services	RECYCLE CONTAINER CU YD ON CALL SERVICE\	Monthly Rental Industrial	2	1
Republic Services	RECYCLE CONTAINER CU YD LIFTS PER WEEK C	Overage	2	1
Republic Services	RECYCLE CONTAINER CU YD ON CALL SERVICE\	Extra Pick Up	2	1
Republic Services	TRASH CART / GAL LIFTS PER WEEK\NPICKUP	Monthly Service Commercial	2	1
Republic Services	WASTE CONTAINER CU YD LIFT PER WEEK\NPIC	Monthly Service Commercial	2	1
Republic Services	WASTE CONTAINER CU YD LIFTS PER WEEK\NPI	Monthly Service Commercial	2	1
Republic Services	WASTE CONTAINER CU YD LIFTS PER WEEK\NPI	Monthly Service Commercial	2	1
Republic Services	WASTE CONTAINER CU YD LIFTS PER WEEK\NPI	Monthly Service Commercial	2	1
Republic Services	WASTE CONTAINER CU YD LIFTS PER WEEK\NPI	Monthly Service Commercial	2	1
Republic Services	WASTE CONTAINER CU YD LIFTS PER WEEK\NPI	Monthly Service Commercial	2	1
Republic Services	WASTE CONTAINER CU YD LIFTS PER WEEK\NPI	Monthly Service Commercial	2	1
Republic Services	YD WASTE CART / GAL LIFT PER WEEK ORGANI	Monthly Service Commercial	2	1
Republic Services	MIXED ORGANICS CART / GAL LIFTS PER WEEK	Monthly Service Commercial	2	1
Republic Services	MIXED ORGANICS CART / GAL LIFTS PER WEEK	Monthly Service Commercial	2	1
Republic Services	CONTAINER DELIVERY /	Delivery Commercial	2	1
Republic Services	CONTAINER DELIVERY /\NRECEIPT NUMBER	Delivery Commercial	2	1
Republic Services	CONTAMINATED MATERIALS /	Contaminated Load	2	1
Republic Services	CONTAMINATED MATERIALS /	Contaminated Load	2	1
Republic Services	G OVERAGE /	Overage	2	1
Republic Services	HAZARDOUS WASTE FEE /-/	Local Surcharges/Fees Industrial	2	1
Republic Services	MINIMUM LIFT FEE /	Inactivty Fee	2	1
Republic Services	NON-SCHEDULED SERVICE /	Extra Pick Up	2	1
Republic Services	NON-SCHEDULED SERVICE /\NRECEIPT NUMBER\	Extra Pick Up	2	1
Republic Services	ORGANIC WASTE PROCESSING /-/	Monthly Service Commercial	2	1
Republic Services	ORGANIC WASTE PROCESSING /-/	Monthly Service Commercial	2	1
Republic Services	ORGANIC WASTE PROCESSING /-/	Monthly Service Commercial	2	1
Republic Services	PICKUP SERVICE /-/\N FRONT LOAD RECYCLIN	Monthly Service Commercial	2	1
Republic Services	PICKUP SERVICE /-/\N RECYCLE CONTAINER C	Monthly Service Commercial	2	1
Republic Services	PICKUP SERVICE /-/	Monthly Service Commercial	2	1
Republic Services	PICKUP SERVICE /\NWHITNEY TRASK\NRENTAL	Empty & Return	2	1
Republic Services	PICKUP SERVICE /	Empty & Return	2	1
Republic Services	PICKUP SERVICE /\NHAZARDOUS WASTE FEE /-	Local Surcharges/Fees Industrial	2	1
Republic Services	PULL-OUT CHARGE /-/	Local Surcharges/Fees Commercial	2	1
Republic Services	PULL-OUT CHARGE /-/	Local Surcharges/Fees Commercial	2	1
Republic Services	UNLOCK/LOCK FEE /-/\N MIXED ORGANICS CAR	Lock Bar	2	1
Republic Services	WASTE/RECYCLING OVERAGE /\NOVERLOAD CHAR	Overage	2	1
Republic Services	WASTE/RECYCLING OVERAGE /\NOVERLOAD CHAR	Overage	2	1
Republic Services	WASTE/RECYCLING OVERAGE /	Overage	2	1
Republic Services	WASTE/RECYCLING OVERAGE /\NOVERLOAD CHAR	Extra Pick Up	2	1
Republic Services	WASTE/RECYCLING OVERAGE /	Overage	2	1
Republic Services	WASTE/RECYCLING OVERAGE /	Overage	2	1
Republic Services	FRONT LOAD YD LIFT PER WEEK\NWASTE/RECYC	Overage	1	1
Republic Services	FRONT LOAD YD LIFTS PER WEEK\NINTEGRATED	Local Surcharges/Fees Commercial	1	1
Republic Services	FRONT LOAD YD LIFTS PER WEEK\NPICKUP SER	Monthly Service Commercial	1	1
Republic Services	FRONT LOAD YD LIFTS PER WEEK\NPICKUP SER	Monthly Service Commercial	1	1
Republic Services	FRONT LOAD YD LIFTS PER WEEK\NPICKUP SER	Monthly Service Commercial	1	1
Republic Services	FRONT LOAD RECYCLING YD LIFTS PER WEEK\N	Monthly Service Commercial	1	1
Republic Services	FRONT LOAD RECYCLING YD LIFTS PER WEEK\N	Monthly Service Commercial	1	1
Republic Services	MIXED ORGANICS CART / GAL LIFT PER WEEK	Monthly Service Commercial	1	1
Republic Services	RECYCLE CART / GAL LIFT PER WEEK\NRECYCL	Monthly Service Commercial	1	1
Republic Services	RECYCLE CONTAINER CU YD ON CALL SERVICE\	Disposal Charge	1	1
Republic Services	TRASH CART / GAL LIFT PER WEEK\NPICKUP S	Monthly Service Commercial	1	1
Republic Services	WASTE CONTAINER CU YD LIFT PER WEEK\NCON	Delivery Commercial	1	1
Republic Services	WASTE CONTAINER CU YD LIFT PER WEEK\NPIC	Monthly Service Commercial	1	1
Republic Services	BLACK AND BLUE BIN SERVICE /-/	Monthly Service Commercial	1	1
Republic Services	CONTAINER DELIVERY /	Delivery Industrial	1	1
Republic Services	CONTAINER REFRESH /-/	Local Surcharges/Fees Commercial	1	1
Republic Services	PICKUP SERVICE /-/	Monthly Service Commercial	1	1
Republic Services	RENTAL /-/	Monthly Rental Industrial	1	1
Republic Services	TOTAL ENVIRONMENTAL RECOVERY FEE	Environmental Surcharge Industrial	1	1
Republic Services	WASTE/RECYCLING OVERAGE /\NOVERLOAD CHAR	Overage	1	1
Robinson Waste Services-Utah	JUL DELAY CHARGE\N MINUTE DELAY CHARGE\N	Disposal Charge	12	1
Robinson Waste Services-Utah	JUL DELAY CHARGE\N MINUTE DELAY FEE	Disposal Charge	12	1
Robinson Waste Services-Utah	FUEL SURCHARGE	Fuel Surcharge Commercial	6	1
Robinson Waste Services-Utah	#NAME?	Disposal Charge	4	1
Robinson Waste Services-Utah	SEP FUEL SURCHARGE	Fuel Surcharge Commercial	2	1
Rumpke	KENTUCKY STATE TAX	Tax Industrial	22	1
Rumpke	FUEL SURCHARGE FL	Fuel Surcharge Commercial	18	1
Rumpke	YD RL/MONTH-MSW	Monthly Service Commercial	14	1
Rumpke	YD RL LEASE	Monthly Service Commercial	13	1
Rumpke	FUEL SURCHARGE RL	Fuel Surcharge Commercial	13	1
Rumpke	YD ROLL OFF LEASE	Monthly Rental Industrial	12	1
Rumpke	FUEL SURCHARGE RO	Fuel Surcharge Industrial	12	1
Rumpke	FUEL SURCHARGE RL RECY	Fuel Surcharge Commercial	9	1
Rumpke	CINCINNATI ORD	Local Surcharges/Fees Industrial	8	1
Rumpke	YD CMP/LOAD-MSW	Empty & Return	7	1
Rumpke	YD RO/LOAD-MSW	Empty & Return	7	1
Rumpke	YD FL/MONTH-MSW	Monthly Service Commercial	6	1
Rumpke	FUEL SURCHARGE FL RECY	Fuel Surcharge Commercial	6	1
Rumpke	RLC-XPU-TRASH-YD	Removal Commercial	6	1
Rumpke	YD FL/MONTH-MSW	Monthly Service Commercial	4	1
Rumpke	YD FL/MONTH-CRDBD	Monthly Service Commercial	4	1
Rumpke	GAL CART/MONTH-COM M # P/U:	Monthly Service Commercial	4	1
Rumpke	GAL CART/MONTH-COM M # P/U:	Monthly Service Commercial	4	1
Rumpke	FUEL SURCHARGE TT SW	Fuel Surcharge Industrial	4	1
Rumpke	YD RO CMP LEASE-RECY	Compactor Rental	3	1
Rumpke	YD FL/MONTH-CRDBD	Monthly Service Commercial	3	1
Rumpke	NNATI ORD	Local Surcharges/Fees Industrial	3	1
Rumpke	YD RO LEASE	Monthly Rental Industrial	2	1
Rumpke	YD CMP LEASE	Compactor Rental	2	1
Rumpke	YD CMP BOX LEASE	Monthly Rental Industrial	2	1
Rumpke	YD CMP BOX/LOAD-CRDBD	Empty & Return	2	1
Rumpke	CMP BOX/LOAD-MSW	Empty & Return	2	1
Rumpke	FUEL SURCHARGE RL-FEE EX	Fuel Surcharge Commercial	2	1
Rumpke	P BOX/LOAD-MSW	Empty & Return	2	1
Rumpke	RO DEAD RUN	Empty & Return	2	1
Rumpke	YD FL/MONTH-MSW	Monthly Service Commercial	1	1
Rumpke	YD FL/MONTH-MSW	Monthly Service Commercial	1	1
Rumpke	YD RL/MONTH-CRDBD	Monthly Service Commercial	1	1
Rumpke	YD FL/MONTH-COM MIX	Monthly Service Commercial	1	1
Rumpke	BOX LEASE	Receiver Container Rental	1	1
Rumpke	FUEL\NRCHARGE RO	Fuel Surcharge Commercial	1	1
Rumpke	INCINNATI ORD\N	Local Surcharges/Fees Commercial	1	1
Rumpke	JEL SURCHARGE RO	Fuel Surcharge Industrial	1	1
Rumpke	MSW COMMERCI	Disposal Charge	1	1
STANDARD WASTE SERVICES	YD OPEN TOP RECYCLING DSP#:\N\N TONS	Empty & Return	9	1
STANDARD WASTE SERVICES	TONS- OCC DSP#:	Fuel Surcharge Industrial	9	1
STANDARD WASTE SERVICES	TONS- OCC DSP#:	FUEL SURCHARGE	8	1
STANDARD WASTE SERVICES	RO SERVICE FEE - TRIP CHARGE	Monthly Rental Industrial	6	1
STANDARD WASTE SERVICES	YD OPEN TOP RECYCLING DSP#:\N	Empty & Return	4	1
STANDARD WASTE SERVICES	FUEL SURCHARGE DSP#:	Fuel Surcharge Industrial	4	1
STANDARD WASTE SERVICES	TONS- OCC DSP#:	Vendor Cost Increase - Industrial	4	1
STANDARD WASTE SERVICES	TONS- OCC DSP#:	Fuel Surcharge Industrial	4	1
STANDARD WASTE SERVICES	TONS- OCC DSP#:	FUEL SURCHARGE	4	1
STANDARD WASTE SERVICES	TONS- OCC DSP#:	Fuel Surcharge Industrial	4	1
STANDARD WASTE SERVICES	RO-SERVICE FEE - TRIP CHARGE	Monthly Rental Industrial	3	1
STANDARD WASTE SERVICES	TONS - MSW ( TON MIN) DSP#:	Fuel Surcharge Industrial	3	1
STANDARD WASTE SERVICES	TONS - OCC DSP#:	Fuel Surcharge Industrial	3	1
STANDARD WASTE SERVICES	TONS- OCC DSP#:	Fuel Surcharge Industrial	3	1
STANDARD WASTE SERVICES	TONS- OCC DSP#:	Fuel Surcharge Industrial	3	1
STANDARD WASTE SERVICES	TONS- OCC DSP#:	Fuel Surcharge Industrial	3	1
STANDARD WASTE SERVICES	TONS- OCC DSP#:	FUEL SURCHARGE	2	1
STANDARD WASTE SERVICES	TONS- OCC DSP#:	Fuel Surcharge Industrial	2	1
STANDARD WASTE SERVICES	TONS- OCC DSP#:	Fuel Surcharge Industrial	2	1
STANDARD WASTE SERVICES	YD OPEN TOP DSP#:	Empty & Return	1	1
STANDARD WASTE SERVICES	YD OPEN TOP DSP#:	Empty & Return	1	1
STANDARD WASTE SERVICES	YD OPEN TOP RECYCLING DSP#:\N\N TONS	Empty & Return	1	1
STANDARD WASTE SERVICES	YD COMPACTOR DSP#:	Empty & Return	1	1
STANDARD WASTE SERVICES	YD COMPACTOR DSP#:	Empty & Return	1	1
STANDARD WASTE SERVICES	YD COMPACTOR RECYCLING\NDSP#:	Empty & Return	1	1
STANDARD WASTE SERVICES	YD OPEN TOP DSP#:	Empty & Return	1	1
STANDARD WASTE SERVICES	TONS- OCC DSP#:	Vendor Cost Increase - Industrial	1	1
STANDARD WASTE SERVICES	TONS- OCC DSP#:	FUEL SURCHARGE	1	1
STANDARD WASTE SERVICES	TONS- OCC DSP#:	FUEL SURCHARGE	1	1
STANDARD WASTE SERVICES	TONS- OCC DSP#:	Fuel Surcharge Industrial	1	1
STANDARD WASTE SERVICES	TONS- OCC DSP#:	FUEL SURCHARGE	1	1
STANDARD WASTE SERVICES	TONS- OCC DSP#:	FUEL SURCHARGE	1	1
STANDARD WASTE SERVICES	TONS- OCC DSP#:	FUEL SURCHARGE	1	1
SmartTrash	STR-INSTALL-MONITOR-LEASE\NSMARTTRASH C	Compactor Monitoring	3	1
SmartTrash	STR-MONITOR-MRCH\NSMARTTRASH-MRCH-M-LTE	Compactor Monitoring	3	1
SmartTrash	LATE FEE	Compactor Monitoring	2	1
SmartTrash	MONTHLY MAINTENANCE FEE	Compactor Monitoring	2	1
SmartTrash	MONTHLY TRASH SERVICE	Compactor Monitoring	2	1
UNIVERSAL WASTE SYSTEMS	EXCHANGE COMP	Empty & Return	25	1
UNIVERSAL WASTE SYSTEMS	YD RO TRASH	Disposal Charge	21	1
UNIVERSAL WASTE SYSTEMS	YD SELF CONT COMP	Disposal Charge	16	1
UNIVERSAL WASTE SYSTEMS	EXCHANGE YD RO - WO:	Empty & Return	16	1
UNIVERSAL WASTE SYSTEMS	EXCHANGE COMP -WO:	Empty & Return	16	1
UNIVERSAL WASTE SYSTEMS	EXCHANGE COMP - WO:	Empty & Return	10	1
UNIVERSAL WASTE SYSTEMS	EXCHANGE COMP WO:	Empty & Return	10	1
UNIVERSAL WASTE SYSTEMS	COMP	Empty & Return	8	1
UNIVERSAL WASTE SYSTEMS	EXCHANGE COMP -	Empty & Return	7	1
UNIVERSAL WASTE SYSTEMS	COMP WO:	Empty & Return	6	1
UNIVERSAL WASTE SYSTEMS	YD FL REC	Monthly Service Commercial	5	1
UNIVERSAL WASTE SYSTEMS	YD FL TRASH	Monthly Service Commercial	5	1
UNIVERSAL WASTE SYSTEMS	YD SELF CONT COMP\NTRASH	FUEL SURCHARGE	5	1
UNIVERSAL WASTE SYSTEMS	YD SELF CONT COMP\NREC	Disposal Charge	3	1
UNIVERSAL WASTE SYSTEMS	G ORGANICS:\NMASTER SERVICE AGREEMENT	Monthly Service Commercial	3	1
UNIVERSAL WASTE SYSTEMS	G COMMERCIAL RECYCLING	Monthly Service Commercial	3	1
UNIVERSAL WASTE SYSTEMS	EVERY WEEKS	Disposal Charge	3	1
UNIVERSAL WASTE SYSTEMS	YD FL REC	Monthly Service Commercial	1	1
UNIVERSAL WASTE SYSTEMS	YD FL REC -SERVICE AGREEMENT #-	Monthly Service Commercial	1	1
UNIVERSAL WASTE SYSTEMS	G ORGANICS -PO:\NMASTER SERVICE AGREEMEN	Monthly Service Commercial	1	1
UNIVERSAL WASTE SYSTEMS	ACCESS FEE TRASH	Local Surcharges/Fees Commercial	1	1
Waste Management - National	HAUL YDS TRASH OT\NSCODE: FRCH	Empty & Return	660	1
Waste Management - National	HAUL YDS TRASH CMP\NSCODE: FRCH	Empty & Return	199	1
Waste Management - National	INACTIVITY CHARGE YDS TRASH OT\NSCODE: F	Inactivty Fee	50	1
Waste Management - National	PICKUP YDS TRASH DMP WEEKLY X\NSCODE: FR	Monthly Service Commercial	26	1
Waste Management - National	HAUL YDS CARDBOARD OT\NSCODE: FRCH	Empty & Return	25	1
Waste Management - National	PICKUP GALLONS SINGLE STREAM RECYCLING\N	Monthly Service Commercial	23	1
Waste Management - National	HAUL YDS CARDBOARD CMP\NSCODE: FRCH	Empty & Return	16	1
Waste Management - National	PICKUP GALLONS FOOD WASTE TOT WEEKLY X\N	Monthly Service Commercial	15	1
Waste Management - National	HAUL YDS TRASH OT\NSCODE: FRCH	Empty & Return	12	1
Waste Management - National	MILEAGE YDS TRASH CMP\NSCODE: FRCH	Fuel Surcharge Industrial	12	1
Waste Management - National	PICKUP YDS TRASH DMP WEEKLY X\NSCODE: FR	Monthly Service Commercial	12	1
Waste Management - National	INACTIVITY CHARGE YDS WOOD OT\NSCODE: EX	Inactivty Fee	11	1
Waste Management - National	PICKUP YDS TRASH DMP WEEKLY X\NSCODE: FR	Monthly Service Commercial	11	1
Waste Management - National	PICKUP GALLONS FOOD WASTE TOT WEEKLY X\N	Monthly Service Commercial	10	1
Waste Management - National	EXCESS YARDS\NWEEKLY X\NSCODE: FRCH	Overage	9	1
Waste Management - National	EXCESS YARDS\NWEEKLY X\NSCODE: FRCH	Overage	9	1
Waste Management - National	HAUL YDS SINGLE STREAM RECYCLING CMP	Empty & Return	9	1
Waste Management - National	POWER SPRAY WASH YDS TRASH CMP\NSCODE: F	Local Surcharges/Fees Industrial	9	1
Waste Management - National	LOCK FEE YDS TRASH DMP MONTHLY X\NSCODE:	Lock Bar	8	1
Waste Management - National	CONTAINER SERVICE CHARGE YDS TRASH DMP\N	Monthly Rental Commercial	7	1
Waste Management - National	DISCONNECT-CONNECT\NSCODE: FRCH	Local Surcharges/Fees Industrial	6	1
Waste Management - National	PICKUP YDS SINGLE STREAM RECYCLING DMP\N	Monthly Service Commercial	6	1
Waste Management - National	PICKUP YDS TRASH DMP WEEKLY X\NSCODE: FR	Monthly Service Commercial	6	1
Waste Management - National	DRY RUN YDS TRASH OT\NSCODE: FRCH	Trip Charge	5	1
Waste Management - National	HAUL YDS CARDBOARD OT\NSCODE: FRCH	Empty & Return	5	1
Waste Management - National	HAUL YDS WOOD OT\NSCODE: EXCT	Empty & Return	5	1
Waste Management - National	LOCK FEE YDS TRASH DMP MONTHLY X\NSCODE:	Lock Bar	5	1
Waste Management - National	LOCK FEE YDS TRASH DMP\NSCODE: FRCH	Lock Bar	5	1
Waste Management - National	PICKUP YDS SINGLE STREAM RECYCLING DMPFL	Monthly Service Commercial	5	1
Waste Management - National	PICKUP YDS TRASH DMP WEEKLY X\NSCODE: FR	Monthly Service Commercial	5	1
Waste Management - National	PICKUP YDS TRASH DMP WEEKLY X\NSCODE: FR	Monthly Service Commercial	5	1
Waste Management - National	PICKUP YDS TRASH DMP WEEKLY X\NSCODE: FR	Monthly Service Commercial	5	1
Waste Management - National	PICKUP GALLONS TRASH TOT WEEKLY X\NSCODE	Monthly Service Commercial	5	1
Waste Management - National	YD DUMPSTER X WEEK	Monthly Service Commercial	4	1
Waste Management - National	DISPOSAL YDS TRASH CMP\NEMPTY AND RETURN	Disposal Charge	4	1
Waste Management - National	DRY RUN YDS TRASH OT\NSCODE: FRCH	Empty & Return	4	1
Waste Management - National	DRY RUN YDS CARDBOARD OT\NSCODE: FRCH	Trip Charge	4	1
Waste Management - National	EXCESS YARDS DISPOSAL LYD FEL YDS TRASH\	Overage	4	1
Waste Management - National	FRANCHISE FEE-CM YDS TRASH DMP WEEKLY X\	Franchise Fee Commercial	4	1
Waste Management - National	GATE FEE ORGANIC WASTE\NSCODE: FRCH	Monthly Service Commercial	4	1
Waste Management - National	HAUL YDS TRASH OT	Empty & Return	4	1
Waste Management - National	INACTIVITY CHARGE (HAUL) (H) [SERVICE]\N	Inactivty Fee	4	1
Waste Management - National	INACTIVITY CHARGE YDS CARDBOARD OT\NMONT	Inactivty Fee	4	1
Waste Management - National	LOCK FEE YDS TRASH DMP MONTHLY X\NSCODE:	Lock Bar	4	1
Waste Management - National	PICKUP YDS TRASH DMP WEEKLY X\NSCODE: FR	Monthly Service Commercial	4	1
Waste Management - National	PICKUP GALLONS ORGANIC WASTE TOT WEEKLY\	Monthly Service Commercial	4	1
Waste Management - National	PICKUP YDS CO-MINGLE DMP WEEKLY X\NSCODE	Monthly Service Commercial	4	1
Waste Management - National	PICKUP YDS TRASH DMP WEEKLY X\NSCODE: EX	Monthly Service Commercial	4	1
Waste Management - National	PICKUP GALLONS ORGANIC WASTE TOT WEEKLY\	Monthly Service Commercial	4	1
Waste Management - National	PICKUP GALLONS TRASH TOT WEEKLY X\NSCODE	Monthly Service Commercial	4	1
Waste Management - National	PICKUP YDS TRASH DMP WEEKLY X\NSCODE: FR	Monthly Service Commercial	4	1
Waste Management - National	PICKUP GALLONS FOOD WASTE TOT WEEKLY X\N	Monthly Service Commercial	4	1
Waste Management - National	PICKUP GALLONS ORGANIC WASTE TOT WEEKLY\	Monthly Service Commercial	4	1
Waste Management - National	#NAME?	Monthly Service Commercial	3	1
Waste Management - National	#NAME?	Monthly Service Commercial	3	1
Waste Management - National	DISPOSAL YDS TRASH OT -\NEMPTY AND RETUR	Disposal Charge	3	1
Waste Management - National	DRY RUN YDS CARDBOARD CMP\NSCODE: FRCH	Trip Charge	3	1
Waste Management - National	EXCESS YARDS YDS TRASH DMP\NWEEKLY X	Overage	3	1
Waste Management - National	EXCESS YARDS YDS TRASH DMP\NWEEKLY X	Overage	3	1
Waste Management - National	EXCESS YARDS YDS TRASH DMP\NWEEKLY X	Overage	3	1
Waste Management - National	HAUL YDS TRASH CMP	Empty & Return	3	1
Waste Management - National	HAUL YDS TRASH OT\NSCODE:\NFRCH	Empty & Return	3	1
Waste Management - National	LOCK FEE YDS SINGLE STREAM RECYCLING DMP	Lock Bar	3	1
Waste Management - National	MILEAGE INCREASE\NSCODE: FRCH	Local Surcharges/Fees Commercial	3	1
Waste Management - National	PICKUP YDS TRASH DMPFL WEEKLY X\NSCODE:	Monthly Service Commercial	3	1
Waste Management - National	PICKUP YDS SINGLE STREAM RECYCLING DMP\N	Monthly Service Commercial	3	1
Waste Management - National	PICKUP YDS TRASH DMP WEEKLY X\NSCODE: FR	Monthly Service Commercial	3	1
Waste Management - National	PICKUP YDS CARDBOARD DMP WEEKLY X	Monthly Service Commercial	3	1
Waste Management - National	PICKUP YDS TRASH DMP WEEKLY X\NSCODE: FR	Monthly Service Commercial	3	1
Waste Management - National	PICKUP YDS TRASH DMP WEEKLY X\NSCODE: FR	Monthly Service Commercial	3	1
Waste Management - National	PICKUP YDS TRASH DMP WEEKLY X\NSCODE: FR	Monthly Service Commercial	3	1
Waste Management - National	PICKUP YDS SINGLE STREAM RECYCLING DMP\N	Monthly Service Commercial	3	1
Waste Management - National	ADMINISTRATIVE FEE\NMONTHLY X	Local Surcharges/Fees Commercial	2	1
Waste Management - National	CONTAINER SERVICE CHARGE YDS CARDBOARD\N	Local Surcharges/Fees Commercial	2	1
Waste Management - National	CONTAINER SERVICE CHARGE YDS TRASH DMP\N	Monthly Rental Commercial	2	1
Waste Management - National	CONTAMINATION YDS SINGLE STREAM\NRECYCLI	Contaminated Load	2	1
Waste Management - National	CONTAMINATION YDS SINGLE STREAM\NRECYCLI	Contaminated Load	2	1
Waste Management - National	CONTAMINATION YDS SINGLE STREAM\NRECYCLI	Contaminated Load	2	1
Waste Management - National	CONTAMINATION YDS TRASH DMP\NWEEKLY X\NS	Contaminated Load	2	1
Waste Management - National	CONTAMINATION YDS TRASH DMP\NWEEKLY X\NS	Contaminated Load	2	1
Waste Management - National	CONTAMINATION INCIDENT# GALLONS\NFOOD WA	Contaminated Load	2	1
Waste Management - National	CONTAMINATION INCIDENT% YDS\NSINGLE STRE	Contaminated Load	2	1
Waste Management - National	DISCOUNT/CLIENT CREDIT\NRECYCLING\NSCODE	Local Surcharges/Fees Commercial	2	1
Waste Management - National	DRY RUN YDS TRASH CMP\NSCODE: FRCH	Trip Charge	2	1
Waste Management - National	ENERGY SURCHARGE YDS TRASH CMP\NSCODE: F	Fuel Surcharge Industrial	2	1
Waste Management - National	ENVIRONMENTAL FEE YDS TRASH CMP\NSCODE:	Environmental Surcharge Industrial	2	1
Waste Management - National	EXCESS YARDS YDS CARDBOARD DMP\NWEEKLY X	Overage	2	1
Waste Management - National	EXCESS YARDS INCIDENT# YDS\NTRASH DMP WE	Contaminated Load	2	1
Waste Management - National	EXCESS YARDS INCIDENT# YDS\NTRASH DMP WE	Contaminated Load	2	1
Waste Management - National	EXCESS YARDS INCIDENT% YDS\NTRASH DMP WE	Contaminated Load	2	1
Waste Management - National	EXCESS YARDS OVERAGE YD BIN FEL YDS\NTRA	Overage	2	1
Waste Management - National	EXTRA BAG BOX OR CAN # YDS\NTRASH DMP WE	Overage	2	1
Waste Management - National	EXTRA BAG BOX OR CAN # YDS\NTRASH DMP WE	Overage	2	1
Waste Management - National	EXTRA BAG BOX OR CAN PO# YDS\NTRASH DMP	Overage	2	1
Waste Management - National	EXTRA BAG BOX OR CAN PO# YDS\NTRASH DMP	Overage	2	1
Waste Management - National	FOOD\NWASTE	Monthly Service Commercial	2	1
Waste Management - National	FOOD\NWASTE\NPICKUP GALLONS FOOD WASTE T	Monthly Service Commercial	2	1
Waste Management - National	GATE FEE TRASH\NSCODE: FRCH	Monthly Service Commercial	2	1
Waste Management - National	HAUL YDS TRASH CMP\NSCODE: FRCH	Empty & Return	2	1
Waste Management - National	HAUL YDS SINGLE STREAM RECYCLING CMP\NSC	Empty & Return	2	1
Waste Management - National	HAZARDOUS WASTE FEE YDS TRASH CMP\NMONTH	Local Surcharges/Fees Industrial	2	1
Waste Management - National	HAZARDOUS WASTE FEE YDS TRASH OT\NMONTHL	Local Surcharges/Fees Industrial	2	1
Waste Management - National	INACTIVITY CHARGE PER DIEM YDS\NCARDBOAR	Inactivty Fee	2	1
Waste Management - National	LANDFILL FEE YDS TRASH DMP MONTHLY X\NSC	Local Surcharges/Fees Commercial	2	1
Waste Management - National	LANDFILL FEE YDS TRASH DMP MONTHLY X\NSC	Local Surcharges/Fees Commercial	2	1
Waste Management - National	LOCK FEE YDS TRASH DMPFL MONTHLY X\NSCOD	Lock Bar	2	1
Waste Management - National	LOCK FEE YDS TRASH DMP MONTHLY X\NSCODE:	Lock Bar	2	1
Waste Management - National	PICKUP YDS TRASH DMP WEEKLY X\NSCODE: FR	Monthly Service Commercial	2	1
Waste Management - National	PICKUP YDS CO-MINGLE DMP WEEKLY X\NSCODE	Monthly Service Commercial	2	1
Waste Management - National	PICKUP YDS SINGLE STREAM RECYCLING DMP\N	Monthly Service Commercial	2	1
Waste Management - National	PICKUP YDS TRASH DMP WEEKLY X\NSCODE: FR	Monthly Service Commercial	2	1
Waste Management - National	PICKUP YDS TRASH DMPFL WEEKLY X\NSCODE:	Monthly Service Commercial	2	1
Waste Management - National	PICKUP YDS SINGLE STREAM RECYCLING DMP\N	Monthly Service Commercial	2	1
Waste Management - National	UTILITY TAX % YDS CARDBOARD DMP\NWEEKLY	Tax Commercial	2	1
Waste Management - National	GALLONS ORGANIC WASTE	Local Surcharges/Fees Commercial	1	1
Waste Management - National	ADMINISTRATIVE FEE YDS TRASH OT MONTHLY\	Local Surcharges/Fees Industrial	1	1
Waste Management - National	ADMINISTRATIVE FEE YDS TRASH DMP MONTHLY	Local Surcharges/Fees Commercial	1	1
Waste Management - National	ADMINISTRATIVE FEE\NSCODE: FRCH	Local Surcharges/Fees Commercial	1	1
Waste Management - National	CONTAINER SERVICE CHARGE YDS TRASH\NDMP	Monthly Rental Commercial	1	1
Waste Management - National	CONTAINER SERVICE CHARGE YDS TRASH DMP\N	Monthly Rental Commercial	1	1
Waste Management - National	CONTAINER SERVICE CHARGE YDS TRASH DMP\N	Local Surcharges/Fees Commercial	1	1
Waste Management - National	CONTAINER SERVICE CHARGE YDS TRASH OT\NM	Monthly Rental Industrial	1	1
Waste Management - National	CONTAINER SERVICE CHARGE YDS TRASH OT\NM	Monthly Rental Industrial	1	1
Waste Management - National	CONTAINER SERVICE CHARGE YDS TRASH DMP\N	Monthly Rental Commercial	1	1
Waste Management - National	CONTAINER USAGE CHARGE\NYDS TRASH OT	Monthly Rental Industrial	1	1
Waste Management - National	CONTAINER USAGE CHARGE\NYDS TRASH OT	Monthly Rental Industrial	1	1
Waste Management - National	CONTAMINATION YDS CARDBOARD DMP\NWEEKLY	Contaminated Load	1	1
Waste Management - National	CONTAMINATION YDS SINGLE STREAM\NRECYCLI	Contaminated Load	1	1
Waste Management - National	CONTAMINATION GALLONS FOOD WASTE\NTOT WE	Overage	1	1
Waste Management - National	CONTAMINATION YDS SINGLE STREAM\NRECYCLI	Contaminated Load	1	1
Waste Management - National	CONTAMINATION GALLONS ORGANIC\NWASTE TOT	Contaminated Load	1	1
Waste Management - National	CONTAMINATION YDS SINGLE STREAM\NRECYCLI	Contaminated Load	1	1
Waste Management - National	CONTAMINATION CONTAMINATED GAL \NGALLONS	Overage	1	1
Waste Management - National	CONTAMINATION INCIDENT# YDS\NSINGLE STRE	Contaminated Load	1	1
Waste Management - National	CONTAMINATION INCIDENT# GALLONS\NFOOD WA	Contaminated Load	1	1
Waste Management - National	CONTAMINATION INCIDENT# GALLONS\NFOOD WA	Contaminated Load	1	1
Waste Management - National	CONTAMINATION INCIDENT% GALLONS\NFOOD WA	Contaminated Load	1	1
Waste Management - National	DELIVERY YDS TRASH OT\NSCODE: FRCH	Delivery Industrial	1	1
Waste Management - National	DELIVERY YDS TRASH DMP\NSCODE: FRCH	Delivery Commercial	1	1
Waste Management - National	DISCOUNT/CLIENT CREDIT -\NWEEKLY X\NSCOD	Local Surcharges/Fees Commercial	1	1
Waste Management - National	DISCOUNT/CLIENT CREDIT\NRECYCLING MONTHL	Monthly Service Commercial	1	1
Waste Management - National	DISPOSAL YDS TRASH OT -\NEMPTY AND DO NO	Disposal Charge	1	1
Waste Management - National	DISPOSAL YDS TRASH OT TONS\NEMPTY AND RE	Disposal Charge	1	1
Waste Management - National	ENERGY SURCHARGE YDS TRASH OT\NSCODE: FR	Fuel Surcharge Industrial	1	1
Waste Management - National	ENERGY SURCHARGE YDS TRASH DMP WEEKLY X\	Local Surcharges/Fees Commercial	1	1
Waste Management - National	ENERGY SURCHARGE\NSCODE: EXCT	Local Surcharges/Fees Industrial	1	1
Waste Management - National	ENERGY SURCHARGE\NWEEKLY X\NSCODE: EXCT	Fuel Surcharge Commercial	1	1
Waste Management - National	ENERGY SURCHARGE\NX\NSCODE: EXCT	Fuel Surcharge Commercial	1	1
Waste Management - National	ENERGY SURCHARGE\NX\NSCODE: FRCH	Fuel Surcharge Commercial	1	1
Waste Management - National	ENVIRONMENTAL CHARGE YDS CARDBOARD CMP	Environmental Surcharge Industrial	1	1
Waste Management - National	ENVIRONMENTAL FEE YDS TRASH OT\NSCODE: F	Environmental Surcharge Industrial	1	1
Waste Management - National	EXCEPTION BILLABLE -\NSCODE: FRCH	Local Surcharges/Fees Commercial	1	1
Waste Management - National	EXCESS YARDS GALLONS FOOD WASTE\NTOT WEE	Overage	1	1
Waste Management - National	EXCESS YARDS GALLONS CO-MINGLE\NTOT WEEK	Overage	1	1
Waste Management - National	EXCESS YARDS GALLONS CO-MINGLE\NTOT WEEK	Overage	1	1
Waste Management - National	EXCESS YARDS GALLONS FOOD WASTE\NTOT WEE	Overage	1	1
Waste Management - National	EXCESS YARDS YDS CO-MINGLE DMP\NWEEKLY X	Overage	1	1
Waste Management - National	EXCESS YARDS YDS CARDBOARD DMP\NWEEKLY X	Overage	1	1
Waste Management - National	EXCESS YARDS GALLONS FOOD WASTE\NTOT WEE	Overage	1	1
Waste Management - National	EXCESS YARDS YDS TRASH DMP\NWEEKLY X\NSC	Overage	1	1
Waste Management - National	EXCESS YARDS GALLONS SINGLE\NSTREAM RECY	Overage	1	1
Waste Management - National	EXCESS YARDS YDS TRASH DMP\NWEEKLY X\NSC	Overage	1	1
Waste Management - National	EXCESS YARDS YDS TRASH DMP\NWEEKLY X\NSC	Overage	1	1
Waste Management - National	EXCESS YARDS YDS CARDBOARD DMP\NWEEKLY X	Overage	1	1
Waste Management - National	EXCESS YARDS YDS TRASH DMP\NWEEKLY X\NSC	Overage	1	1
Waste Management - National	EXCESS YARDS YDS CARDBOARD DMP\NWEEKLY X	Overage	1	1
Waste Management - National	EXCESS YARDS GALLONS SINGLE\NSTREAM RECY	Overage	1	1
Waste Management - National	EXCESS YARDS YDS CARDBOARD DMP\NWEEKLY X	Overage	1	1
Waste Management - National	EXCESS YARDS YDS TRASH DMPFL\NWEEKLY X\N	Overage	1	1
Waste Management - National	EXCESS YARDS YDS TRASH DMP\NWEEKLY X\NSC	Overage	1	1
Waste Management - National	EXCESS YARDS YDS TRASH DMPFL\NWEEKLY X\N	Overage	1	1
Waste Management - National	EXCESS YARDS YDS TRASH DMP\NWEEKLY X\NSC	Overage	1	1
Waste Management - National	EXCESS YARDS YDS TRASH DMP\NWEEKLY X\NSC	Overage	1	1
Waste Management - National	EXCESS YARDS YDS TRASH DMP\NWEEKLY X\NSC	Overage	1	1
Waste Management - National	EXCESS YARDS GALLONS SINGLE\NSTREAM RECY	Overage	1	1
Waste Management - National	EXCESS YARDS YDS TRASH DMP\NWEEKLY X\NSC	Overage	1	1
Waste Management - National	EXCESS YARDS INCIDENMT# YDS\NTRASH DMP W	Overage	1	1
Waste Management - National	EXCESS YARDS INCIDENT# GALLONS\NFOOD WAS	Overage	1	1
Waste Management - National	EXCESS YARDS INCIDNENT# YDS\NTRASH DMP W	Overage	1	1
Waste Management - National	EXCESS YARDS OVERAGE # YDS\NTRASH DMP WE	Overage	1	1
Waste Management - National	EXCESS YARDS OVERAGE\NTRASH DMP WEEKLY X	Overage	1	1
Waste Management - National	EXCESS YARDS PO# YDS SINGLE\NSTREAM RECY	Overage	1	1
Waste Management - National	EXTRA BAG BOX OR CAN PO# YDS\NTRASH DMP	Overage	1	1
Waste Management - National	FRANCHISE FEE YDS TRASH DMP WEEKLY X\NSC	Local Surcharges/Fees Commercial	1	1
Waste Management - National	GATE/TIPPING FEE\NX\NSCODE: FRCH	Local Surcharges/Fees Commercial	1	1
Waste Management - National	GOVERNMENT FRANCHISE REG FEE PER YDS\NTR	Local Surcharges/Fees Commercial	1	1
Waste Management - National	GOVERNMENT FRANCHISE REG FEE PER GALLONS	Local Surcharges/Fees Commercial	1	1
Waste Management - National	HAND PICKUP\NSCODE: FRCH	Hand Pick Up industrial	1	1
Waste Management - National	HAUL YDS CARDBOARD OT\NSCODE: FRCH	Empty & Return	1	1
Waste Management - National	HAUL YDS TRASH OT	Empty & Return	1	1
Waste Management - National	HAUL YDS TRASH OT\NSCODE: FRCH	Empty & Return	1	1
Waste Management - National	HAUL YDS CONSTRUCTION / DEMOLITION OT\NS	Final Pick Up	1	1
Waste Management - National	HAUL INCREASE YDS CARDBOARD OT\NSCODE: F	Monthly Rental Industrial	1	1
Waste Management - National	HAZARDOUS WASTE FEE YDS TRASH DMP\NMONTH	Local Surcharges/Fees Commercial	1	1
Waste Management - National	HAZARDOUS WASTE FEE YDS TRASH OT\NMONTHL	Local Surcharges/Fees Industrial	1	1
Waste Management - National	HAZARDOUS WASTE FEE YDS TRASH CMP\NONTHL	Local Surcharges/Fees Industrial	1	1
Waste Management - National	HAZARDOUS WASTE FEE\NSCODE: FRCH	Local Surcharges/Fees Commercial	1	1
Waste Management - National	INACTIVITY CHARGE (HAUL)\NYARDS WOOD OT\	Inactivty Fee	1	1
Waste Management - National	INACTIVITY CHARGE YDS CARDBOARD OT\NWEEK	Inactivty Fee	1	1
Waste Management - National	LANDFILL FEE YDS TRASH DMP MONTHLY X\NSC	Local Surcharges/Fees Commercial	1	1
Waste Management - National	LANDFILL FEE YDS TRASH DMP MONTHLY X\NSC	Local Surcharges/Fees Commercial	1	1
Waste Management - National	LOCK FEE YDS TRASH DMP MONTHLY X\NSCODE:	Lock Bar	1	1
Waste Management - National	LOCK FEE YDS TRASH DMP MONTHLY X\NSCODE:	Lock Bar	1	1
Waste Management - National	LOCK FEE YDS TRASH DMP MONTHLY X\NSCODE:	Lock Bar	1	1
Waste Management - National	MARTIN COUNTY FRANCHISE FEE YDS TRASH\ND	Local Surcharges/Fees Commercial	1	1
Waste Management - National	MILEAGE YDS TRASH DMP WEEKLY X\NSCODE: F	Monthly Service Commercial	1	1
Waste Management - National	MILEAGE YDS TRASH OT\NSCODE: FRCH	Fuel Surcharge Industrial	1	1
Waste Management - National	MILEAGE GALLONS ORGANIC WASTE TOT WEEKLY	Monthly Service Commercial	1	1
Waste Management - National	PICKUP YDS TRASH DMP WEEKLY X\NSCODE: FR	Monthly Service Commercial	1	1
Waste Management - National	PICKUP YDS SINGLE STREAM RECYCLING TOT\N	Monthly Service Commercial	1	1
Waste Management - National	PICKUP YDS SINGLE STREAM RECYCLING DMP\N	Monthly Service Commercial	1	1
Waste Management - National	PICKUP YDS SINGLE STREAM RECYCLING DMP\N	Monthly Service Commercial	1	1
Waste Management - National	PICKUP YDS TRASH DMPFL WEEKLY X\NSCODE:	Monthly Service Commercial	1	1
Waste Management - National	PICKUP YDS SINGLE STREAM RECYCLING DMP\N	Monthly Service Commercial	1	1
Waste Management - National	PICKUP YDS TRASH DMP\NSCODE: FRCH	Monthly Service Commercial	1	1
Waste Management - National	PICKUP GALLONS FOOD WASTE TOT WEEKLY X\N	Monthly Service Commercial	1	1
Waste Management - National	PICKUP GALLONS SINGLE STREAM RECYCLING\N	Monthly Service Commercial	1	1
Waste Management - National	PICKUP GALLONS TRASH TOT WEEKLY X\NSCODE	Monthly Service Commercial	1	1
Waste Management - National	PICKUP YDS CARDBOARD DMP WEEKLY X	Monthly Service Commercial	1	1
Waste Management - National	PICKUP YDS SINGLE STREAM RECYCLING DMP\N	Monthly Service Commercial	1	1
Waste Management - National	PICKUP YDS TRASH DMP WEEKLY X	Monthly Service Commercial	1	1
Waste Management - National	PICKUP YDS TRASH DMP\NSCODE: FRCH	Extra Pick Up	1	1
Waste Management - National	PICKUP GALLONS FOOD WASTE CT WEEKLY X\NS	Monthly Service Commercial	1	1
Waste Management - National	PICKUP GALLONS ORGANIC WASTE TOT WEEKLY\	Monthly Service Commercial	1	1
Waste Management - National	PICKUP YDS TRASH DMP WEEKLY X	Monthly Service Commercial	1	1
Waste Management - National	PICKUP YDS TRASH DMP WEEKLY X	Monthly Service Commercial	1	1
Waste Management - National	PICKUP YDS TRASH DMP WEEKLY X\NSCODE: FR	Monthly Service Commercial	1	1
Waste Management - National	PICKUP GALLONS SINGLE STREAM RECYCLING\N	Monthly Service Commercial	1	1
Waste Management - National	PICKUP INCREASE YDS TRASH DMP WEEKLY X\N	Monthly Service Commercial	1	1
Waste Management - National	PICKUP INCREASE YDS TRASH DMP WEEKLY X\N	Monthly Service Commercial	1	1
Waste Management - National	PICKUP INCREASE YDS TRASH DMP WEEKLY X\N	Monthly Service Commercial	1	1
Waste Management - National	PUSH OUT/PULL OUT YDS TRASH DMP MONTHLY\	Lock Bar	1	1
Waste Management - National	RECYCLING PROCESSING SURCHARGE YDS\NSING	Local Surcharges/Fees Commercial	1	1
Waste Management - National	REGULATORY COST RECOVERY CHRG YDS\NCARDB	Local Surcharges/Fees Industrial	1	1
Waste Management - National	REMOVAL YDS TRASH DMP	Removal Commercial	1	1
Waste Management - National	REMOVAL YDS TRASH DMP\NSCODE: EXCT	Removal Commercial	1	1
Waste Management - National	RENTAL YDS TRASH DMP MONTHLY X\NSCODE: F	Monthly Rental Commercial	1	1
Waste Management - National	RETURNS PROCESSING\NUNK MONTHLY X\NSCODE	Local Surcharges/Fees Commercial	1	1
Waste Management - National	SYSTEM FEES PROCESSING RCY YDS SINGLE\NS	Local Surcharges/Fees Industrial	1	1
Waste Management - National	UTILITY TAX % YDS TRASH DMP WEEKLY\NX\NS	Local Surcharges/Fees Commercial	1	1
Waste Management - National	UTILITY TAX % YDS TRASH CMP\NSCODE: FRCH	Tax Industrial	1	1
Waste Management - National	UTILITY TAX % GALLONS TRASH TOT\NWEEKLY	Tax Commercial	1	1
Waste Management - National	UTILITY TAX % YDS CARDBOARD DMP\NWEEKLY	Tax Commercial	1	1
Waste Vision, LLC	OCTOBER DECEMBER	Front Load Sensor	4	1
Waste Vision, LLC	TRADE DISCOUNT	Front Load Sensor	4	1
Waste Vision, LLC	T	Front Load Sensor	3	1
Waste Vision, LLC	NEW JERSEY SALES TAX	Front Load Sensor	2	1
Waste Vision, LLC	MONTHLY IN ADVANCE	Front Load Sensor	1	1
